danceability,energy,loudness,speechiness,acousticness,instrumentalness,liveness,valence,tempo,id,duration_ms,cluster
0.334,0.477,-8.806,0.0276,0.618,4.17e-06,0.312,0.405,179.239,78WVLOP9pN0G3gRLFy1rAa,336200,0
0.39,0.649,-5.163,0.0345,0.172,0.0,0.216,0.144,121.16,0c1gHntWjKD7QShC8s99sq,299760,3
0.647,0.729,-6.251,0.0236,0.0206,0.0489,0.134,0.687,94.01,7vFv0yFGMJW3qVXbAd9BK9,249627,1
0.701,0.944,-2.986,0.0455,0.0755,0.0,0.601,0.792,128.993,5zA8vzDGqPl2AzZkEYQGKh,197707,5
0.614,0.379,-10.48,0.0476,0.607,0.000464,0.0986,0.201,107.989,6fxVffaTuwjgEk5h9QyRjy,258987,4
0.481,0.638,-5.862,0.0276,0.153,0.0,0.154,0.497,79.064,2hKdd3qO7cWr2Jo0Bcs0MA,259933,3
0.623,0.449,-13.333,0.0253,0.212,0.0,0.0613,0.572,84.383,5tVA6TkbaAH9QMITTQRrNv,256000,6
0.49,0.961,-1.595,0.398,0.0263,0.0,0.535,0.795,173.595,3lPAHV0b53zgRRm9LBgnTY,276920,8
0.583,0.621,-6.902,0.0479,0.00972,0.00106,0.181,0.399,140.036,6jG2YzhxptolDzLHTGLt7S,323480,3
0.676,0.534,-6.901,0.0831,0.0594,8.59e-06,0.256,0.156,145.082,0YpBHgZ9Pfr4fbiKkP9nj9,338413,3
0.576,0.697,-4.192,0.326,0.0286,1.15e-06,0.167,0.501,175.906,07lxDm1s8FVO4GF54Nooiz,227667,8
0.652,0.749,-5.248,0.0886,0.0848,0.0,0.604,0.651,94.103,1z6WtY7X4HQJvzxC4UgkSf,267413,5
0.426,0.584,-5.293,0.296,0.0383,0.0,0.192,0.272,193.438,557un1HgwYMuqfWGSTmnxw,192587,0
0.664,0.758,-6.583,0.21,0.00238,0.0,0.0598,0.701,99.259,0WqIKmW4BTrj3eJFmnCKMv,235933,1
0.422,0.712,-5.907,0.1,0.273,0.0,0.051,0.471,78.454,2CvOqDpQIMw69cCzWqr5yr,261160,3
0.418,0.441,-11.522,0.283,0.029,0.0707,0.306,0.172,175.928,5hgnY0mVcVetszbb85qeDg,319467,0
0.414,0.857,-4.078,0.0808,0.0287,0.00574,0.343,0.348,128.024,07nH4ifBxUB4lZcsf44Brn,212960,0
0.646,0.823,-4.123,0.0394,0.213,0.0,0.322,0.418,128.035,7MmG8p0F9N3C4AXdK6o6Eb,227267,3
0.567,0.813,-5.744,0.0581,0.0138,9.03e-06,0.125,0.114,126.044,6D5pfooPP6hi99RaXjkDsP,214912,3
0.553,0.723,-5.607,0.0453,0.102,0.0,0.212,0.473,157.998,7vWGeYZJUzBXKGPro05UXS,243707,0
0.423,0.73,-5.566,0.032,0.00495,1.13e-05,0.238,0.66,205.972,1soxUgYIZb1qx1c7o1Lc7z,254467,0
0.645,0.904,-4.532,0.0462,0.0293,0.0,0.0834,0.671,105.97,0yD66650JxhqKbW76C2qCo,225560,1
0.506,0.886,-3.225,0.0655,0.0916,0.0,0.0734,0.595,143.935,03fT3OHB9KyMtGMt2zwqCT,226867,0
0.519,0.749,-3.318,0.0405,0.271,0.0,0.119,0.29,147.905,0ZUo4YjG4saFnEJhdWp9Bt,199947,0
0.711,0.801,-3.742,0.029,0.0244,0.000113,0.135,0.956,105.006,1qwnPVOIJjAFfCc40Etb1D,205000,1
0.89,0.667,-6.862,0.0521,0.0579,2.97e-05,0.108,0.522,105.099,0d6gYlrea7zwNsjfAh9Xba,220467,1
0.573,0.495,-7.245,0.592,0.405,0.0,0.0969,0.255,179.196,1UZ25gykR30Oewh3dBRtVZ,312027,8
0.706,0.572,-5.799,0.0326,0.0262,0.0,0.585,0.574,139.982,7seTcUFOhn5caSDbiSfsp0,214726,5
0.449,0.585,-6.761,0.0268,0.0509,8.75e-05,0.0833,0.212,139.631,7wBrglFVTNCcW6IhdgBkm1,278719,3
0.919,0.506,-7.14,0.304,0.132,0.0,0.0771,0.273,97.465,2LvRR121MWFmmEGkuV2vQP,220240,8
0.722,0.687,-5.189,0.0556,0.00949,0.00413,0.0462,0.619,128.013,7m47Go71qTMBs4kTH7U8F8,373547,1
0.823,0.733,-5.474,0.0628,0.0349,0.0,0.324,0.397,97.972,4w7yrP4RAeeyhfG9nJqQvS,284387,3
0.617,0.778,-8.871,0.027,0.459,0.925,0.128,0.152,100.363,0bXpmJyHHYPk6QBFj25bYF,127920,7
0.869,0.485,-5.595,0.0545,0.246,0.0,0.0765,0.527,106.028,6EpRaXYhGOB3fj4V2uDkMJ,204502,6
0.389,0.665,-6.169,0.0644,0.178,0.000732,0.116,0.199,117.055,7lGKEWMXVWWTt3X71Bv44I,193547,3
0.6,0.81,-4.749,0.0479,0.00683,0.21,0.155,0.298,167.88,0tKcYR2II1VCQWT79i5NrW,187147,0
0.872,0.391,-9.144,0.242,0.469,4.13e-06,0.297,0.437,134.021,7m9OqQk4RVRkw9JJdeAw96,119133,8
0.773,0.68,-6.378,0.141,0.213,1.57e-05,0.122,0.497,128.062,6uFsE1JgZ20EXyU0JQZbUR,211859,1
0.625,0.726,-7.731,0.155,0.00728,0.0,0.318,0.483,103.98,6C7RJEIUDqKkJRZVWdkfkH,311867,3
0.641,0.922,-4.457,0.0786,0.0291,0.0,0.0862,0.847,146.078,3bidbhpOYeV4knp8AIu8Xn,258343,1
0.951,0.6,-4.675,0.0685,0.106,0.0,0.0712,0.822,125.04,0k2GOhqsrxDTAbFFSdNJjT,218573,1
0.652,0.698,-4.667,0.042,0.00112,0.000115,0.0886,0.47,96.021,5Q0Nhxo0l2bP3pNjpGJwV1,202067,3
0.609,0.668,-4.284,0.0367,0.0552,0.0,0.167,0.811,80.924,3DXncPQOG4VBw3QHh3S817,288600,1
0.694,0.815,-4.328,0.12,0.229,0.0,0.0924,0.813,88.931,5CtI0qwDJkDQGwXD1H1cLb,228827,1
0.908,0.621,-6.638,0.102,0.000282,5.39e-05,0.0958,0.421,150.011,7KXjTSCq5nL1LoYtL7XAwS,177000,1
0.638,0.523,-6.664,0.357,0.00454,0.0,0.0842,0.422,139.913,6HZILIRieu8S0iqY8kIKhj,185947,8
0.791,0.582,-7.323,0.286,0.0114,0.0,0.35,0.443,162.991,1e1JKLEDKP7hEQzJfNAgPl,181812,8
0.76,0.595,-6.366,0.0391,0.00544,0.0,0.241,0.361,131.497,03tqyYWC9Um2ZqU0ZN849H,263773,3
0.757,0.848,-4.234,0.335,0.0481,0.0,0.121,0.686,139.995,2rzBvHM9h36Tpdj7Jdajka,212640,8
0.758,0.646,-4.701,0.112,0.128,0.0,0.0778,0.589,155.955,4PzovBqgnSHKd8opsP7IVM,197171,1
0.763,0.726,-6.405,0.282,0.259,0.0,0.0976,0.349,139.059,7floNISpH8VF4z4459Qo18,126346,8
0.705,0.609,-5.728,0.0729,0.694,0.0,0.234,0.718,140.058,4uhvMW7ly7tJil31YYscAN,199993,6
0.553,0.652,-6.685,0.206,0.0897,0.0,0.111,0.551,94.505,6YbhspuOar1D9WSSnfe7ds,207347,8
0.925,0.744,-5.79,0.367,0.0644,0.0,0.0888,0.656,93.02,0jSMveIWvnhDIvzqN74Uc7,243227,8
0.549,0.791,-3.535,0.133,0.0104,0.0,0.444,0.292,150.093,6u5M4jPpYkoRV4vVHDQvkd,227293,0
0.704,0.777,-5.729,0.195,0.0358,0.0,0.151,0.392,111.921,60xaS8mYBKUW4VQQ666N0T,141542,8
0.787,0.73,-6.788,0.35,0.0276,0.00157,0.0828,0.739,159.825,3ZAMtgYJFoHwJjFkhkXqKr,220293,8
0.859,0.627,-7.91,0.13,0.0388,0.000202,0.101,0.594,142.062,5uqphUYsR45kPYplrYSAQh,260453,1
0.85,0.405,-7.509,0.225,0.119,0.000118,0.0707,0.344,139.976,5tFep7dXGd7vEJ668wTPux,190312,8
0.804,0.886,-2.512,0.04,0.0837,0.0,0.266,0.789,144.946,0pSBuHjILhNEo55xK1zrRt,238587,1
0.546,0.651,-7.601,0.3,0.000739,0.0,0.235,0.646,77.878,6fAyRZ0GHuuvSOEIOwi58N,212653,8
0.762,0.576,-4.951,0.0829,0.0556,0.0,0.0866,0.316,142.096,1KhljCoJ2TgDEldnnfTHHc,221178,3
0.816,0.245,-15.617,0.414,0.616,0.000813,0.127,0.187,140.04,7EoSDrwBPUBeBEORrpvgko,138936,8
0.795,0.523,-7.165,0.0423,0.061,0.0,0.0914,0.855,133.024,5dNfHmqgr128gMY2tc5CeJ,186067,1
0.646,0.696,-5.572,0.342,0.0192,0.0,0.0762,0.625,92.88,5XJJdNPkwmbUwE79gv0NxK,207401,8
0.472,0.457,-7.23,0.336,0.13,0.0,0.0975,0.643,165.969,7wwifjNAb172PtDpKK3CoR,234215,8
0.732,0.69,-4.992,0.134,0.291,0.0,0.116,0.758,143.072,4jTiyLlOJVJj3mCr7yfPQD,206307,1
0.689,0.564,-6.226,0.136,0.187,0.0,0.0721,0.123,185.023,1Ser4X0TKttOvo8bgdytTP,212947,0
0.681,0.701,-6.336,0.0767,0.106,0.0,0.208,0.398,139.952,4IWGnyOHDrVZEtPWfs4s7q,175203,3
0.531,0.544,-8.615,0.462,0.308,1.89e-06,0.0835,0.398,131.921,3ZLyt2ndLFBh148XRYjYYZ,203794,8
0.722,0.331,-7.789,0.0726,0.337,0.282,0.146,0.102,143.961,7EiZI6JVHllARrX9PUvAdX,313547,3
0.603,0.725,-3.054,0.0393,0.174,0.0,0.0786,0.304,122.803,3NJG6vMH1ZsectZkocMEm0,239853,3
0.714,0.563,-7.574,0.0723,0.0266,0.0,0.0776,0.31,100.091,1ID1QFSNNxi0hiZCNcwjUC,241853,3
0.723,0.777,-3.503,0.108,0.0426,3.68e-06,0.0451,0.961,91.017,32lm3769IRfcnrQV11LO4E,243413,1
0.4,0.915,-4.89,0.28,0.0846,0.0,0.0503,0.878,88.917,2a1o6ZejUi8U3wzzOtCOYw,198773,8
0.886,0.427,-10.028,0.145,0.0312,0.00099,0.0906,0.23,108.034,5uDASfU19gDxSjW8cnCaBp,177184,6
0.846,0.53,-8.062,0.0578,0.0287,0.0,0.123,0.461,97.524,1L0rvFTlpoR8rHxdR4lTSN,208160,6
0.734,0.892,-1.856,0.125,0.0648,0.0,0.58,0.605,138.031,4GVD0FIBo08FSAy3tbIY7g,303533,5
0.635,0.847,-3.152,0.447,0.533,0.0,0.154,0.568,166.072,7JYsArznYOjX2jsrT3UEnL,234650,8
0.764,0.475,-12.618,0.114,0.345,0.0,0.14,0.34,129.974,40yJGQyEaBbIkXpwMFkXip,243270,6
0.559,0.716,-3.964,0.39,0.737,0.0,0.252,0.504,176.618,4jtyUzZm9WLc2AdaJ1dso7,275227,8
0.959,0.598,-5.534,0.0713,0.0358,0.0,0.358,0.408,127.029,33JcUj9qQDayKswunZP9ar,213000,1
0.78,0.575,-5.628,0.139,0.106,0.0,0.129,0.273,81.502,0SGkqnVQo9KPytSri1H6cF,222360,3
0.771,0.647,-5.127,0.376,0.294,0.0,0.37,0.678,155.914,0jx8zY5JQsS4YEQcfkoc5C,206240,8
0.674,0.608,-6.628,0.0334,0.0119,0.0,0.103,0.464,124.952,7tGlzXJv6GD5e5qlu5YmDg,253440,3
0.798,0.568,-9.072,0.135,0.0213,0.0,0.0586,0.45,148.88,6JjEVlMkfHWMeYavkEYzNO,193911,6
0.435,0.837,-8.126,0.449,0.00676,0.0,0.117,0.778,124.913,5AyL2kgLtTWEu3qO3B9SqK,216893,8
0.712,0.562,-6.008,0.129,0.125,0.0,0.136,0.142,140.0,6jmTHeoWvBaSrwWttr8Xvu,236480,3
0.762,0.666,-6.055,0.0916,0.00427,0.0,0.127,0.278,118.97,10I3CmmwT0BkOVhduDy53o,232093,3
0.726,0.769,-5.043,0.123,0.0293,0.0101,0.104,0.733,97.985,3B54sVLJ402zGa6Xm4YGNe,233902,1
0.839,0.81,-5.274,0.0568,0.501,0.0,0.117,0.814,129.014,1f5cbQtDrykjarZVrShaDI,209269,1
0.891,0.486,-7.803,0.159,0.0158,3.78e-06,0.0925,0.239,125.01,4scpF6J5uMBvoh6sFB7EL1,200080,3
0.853,0.606,-4.596,0.0713,0.0561,0.0,0.313,0.654,94.759,1lzr43nnXAijIGYnCT8M8H,227600,1
0.69,0.699,-5.612,0.184,0.425,0.0109,0.399,0.465,139.83,6Sm2YzLtL8FcyTMONOkiFw,237840,8
0.447,0.848,-6.175,0.222,0.033,7.45e-05,0.722,0.485,172.247,1kusepF3AacIEtUTYrw4GV,203760,5
0.732,0.75,-6.366,0.231,0.00264,0.0,0.109,0.401,155.096,7GX5flRQZVHRAGd6B4TmDO,182707,8
0.745,0.593,-6.35,0.0526,0.00522,5.25e-06,0.123,0.17,111.002,3Q3myFA7q4Op95DOpHplaY,212027,3
0.833,0.434,-8.795,0.431,0.0102,0.0219,0.165,0.281,150.062,0VgkVdmE4gld66l8iyGjgx,204600,8
0.681,0.314,-9.319,0.0581,0.2,9.82e-06,0.1,0.166,139.992,6mapJIPnQ23RTAevUoE0DL,208120,3
0.557,0.586,-4.57,0.0382,0.0528,7.33e-06,0.339,0.0681,96.091,3nAq2hCr1oWsIU54tS98pL,181573,3
0.706,0.751,-6.323,0.0708,0.173,0.0,0.168,0.195,91.031,4E5P1XyAFtrjpiIxkydly4,182307,3
0.435,0.802,-6.871,0.324,0.00376,0.0,0.467,0.454,84.267,1fLdeDTrJWNkwOeFyAVLvF,207000,8
0.758,0.712,-3.781,0.112,0.0185,0.0,0.0677,0.795,149.998,2q4rjDy9WhaN3o9MvDbO21,193387,1
0.779,0.455,-15.025,0.28,0.0542,0.0,0.177,0.197,140.181,7zBPzAjKAqQpcv8F8GCq5s,153429,8
0.757,0.882,-6.125,0.248,0.0763,0.0,0.251,0.684,140.047,2KpCpk6HjXXLb7nnXoXA5O,219320,8
0.825,0.856,-1.912,0.0476,0.00851,1.4e-06,0.127,0.207,128.016,1V4jC0vJ5525lEF1bFgPX2,222133,3
0.63,0.804,-4.183,0.0363,0.215,0.0,0.253,0.492,123.146,3a1lNhkSLSkpJE4MSHpDu9,220293,1
0.492,0.275,-13.4,0.3,0.687,0.0,0.101,0.18,92.6,7vRriwrloYVaoAe3a9wJHe,251034,4
0.678,0.398,-8.413,0.0315,0.738,0.0,0.117,0.202,111.833,3UwT4FadEGWyMdaSwYcUBY,232852,4
0.774,0.75,-4.927,0.0412,0.00207,1.78e-05,0.0808,0.927,118.015,27L8sESb3KR79asDUBu8nW,197987,1
0.481,0.865,-5.498,0.0283,0.0204,1.24e-06,0.17,0.241,92.086,4EnkwZd0UJAuHpNMMemQaA,273160,3
0.689,0.694,-5.83,0.027,0.257,0.0,0.148,0.482,99.039,0d8ZbnRoW1TJ3qEleTrYHH,213307,3
0.64,0.864,-6.576,0.0314,0.00832,0.0,0.123,0.701,102.026,42et6fnHCw1HIPSrdPprMl,268360,1
0.398,0.945,-7.535,0.07,0.0128,0.000234,0.171,0.534,157.763,5wTMQjEx9LWeFwLjolPCUy,148507,0
0.315,0.715,-8.072,0.0362,0.00125,7.97e-06,0.0942,0.497,155.925,6Qyc6fS4DsZjB2mRW9DsQs,289533,0
0.378,0.896,-4.066,0.0407,0.000452,0.0,0.194,0.469,174.302,5qqabIl2vWzo9ApSC317sa,258773,0
0.651,0.793,-7.312,0.0338,0.0538,0.01,0.137,0.682,90.573,73fzhVcs7n1wZz84eoE2vs,232533,1
0.413,0.881,-5.541,0.0367,5.99e-05,0.000308,0.0805,0.364,158.066,5UWwZ5lm5PKu6eKsHAGxOk,250547,0
0.578,0.817,-6.542,0.0363,0.183,3.06e-06,0.285,0.726,141.621,5DiXcVovI0FcY2s0icWWUu,272293,1
0.5,0.704,-8.797,0.0695,0.125,1.79e-05,0.138,0.722,119.463,6XK6Zw6JkFsHXzAcMWNiIr,263360,1
0.515,0.43,-9.935,0.0369,0.0102,0.000141,0.129,0.104,91.841,6b2oQwSGFkzsMtQruIWm2p,238640,3
0.926,0.336,-9.326,0.594,0.0392,0.0,0.138,0.38,92.995,39hnH8WdPmNT3Q3yzwC9Rg,196600,8
0.927,0.535,-7.59,0.0911,0.0855,0.0,0.136,0.336,112.96,2yJ9GVCLMmzBBfQAnfzlwr,313573,3
0.929,0.339,-10.881,0.371,0.0373,1.96e-05,0.187,0.273,98.986,0srwKuJPH8yBzzFUJMBQM2,203200,8
0.905,0.782,-3.604,0.164,0.096,0.0,0.0623,0.798,96.055,4P6BuLsqtg5uISdE77ypI9,211293,1
0.676,0.415,-9.752,0.508,0.0281,0.0,0.0915,0.146,193.206,1uDjaezEbalGyGnuH80zDK,233507,8
0.856,0.527,-5.225,0.0997,0.392,0.0,0.11,0.386,98.052,0Dc7J9VPV4eOInoxUiZrsL,266840,6
0.681,0.462,-6.869,0.194,0.0968,0.0,0.22,0.751,171.127,27PmKcvsjXp7G1IQgLUkYY,235600,0
0.67,0.515,-6.977,0.397,0.0705,0.0,0.25,0.422,122.006,4kNvYhyl8R6m1vykVkcuBu,270867,8
0.853,0.693,-6.87,0.275,0.0239,0.0,0.11,0.662,95.967,4X5f3vT8MRuXF68pfjNte5,233787,8
0.614,0.574,-7.961,0.466,0.0253,3.2e-05,0.38,0.755,125.173,3VzJE6yGuj8fDExUh6TLnc,209107,8
0.487,0.729,-6.815,0.271,0.0538,4.07e-06,0.44,0.217,91.048,439TlnnznSiBbQbgXiBqAd,350120,8
0.713,0.526,-5.046,0.032,0.00767,0.000148,0.124,0.131,131.05,1wHZx0LgzFHyeIZkUydNXq,262693,3
0.763,0.627,-7.457,0.037,0.031,0.0,0.118,0.152,101.045,5KY7zgFeH2GWoL1zP9mME6,334093,3
0.874,0.706,-5.132,0.207,0.182,0.0,0.334,0.895,89.961,2n5gVJ9fzeX2SSWlLQuyS9,216248,1
0.611,0.543,-5.288,0.0672,0.329,0.0,0.281,0.561,174.862,5MGeW5mHnqeJiM0NPBbkEZ,189000,0
0.816,0.578,-4.536,0.0986,0.0136,1.2e-05,0.0412,0.302,177.959,2iDjCLUOGhJtz5cPHljGVd,166707,0
0.794,0.51,-7.314,0.42,0.0505,1.81e-06,0.0562,0.18,167.879,19gEmPjfqSZT0ulDRfjl0m,194561,8
0.624,0.723,-6.782,0.378,0.172,0.0,0.483,0.757,84.789,3bMNprrp2JDKZsGbiXpsJl,216933,8
0.841,0.733,-5.077,0.142,0.0246,0.0,0.174,0.284,130.009,7xVLFuuYdAvcTfcP3IG3dS,283693,3
0.897,0.642,-8.828,0.0534,0.0219,1.31e-06,0.159,0.291,127.984,5suEtW2DUAfvroohjzgatb,285240,3
0.875,0.673,-4.184,0.0932,0.135,0.0,0.292,0.231,130.0,376KnY4TrgBITxjlnbnmIy,222600,3
0.86,0.719,-4.325,0.33,0.125,0.0,0.0799,0.496,160.049,6qMXubogFdMrvVMJwqATzd,207912,8
0.899,0.504,-6.758,0.5,0.826,0.0,0.052,0.537,129.89,22DKsoYFV5npPXmnPpXL7i,207813,8
0.852,0.553,-7.286,0.187,0.0559,0.0,0.332,0.656,142.079,27GmP9AWRs744SzKcpJsTZ,205879,8
0.75,0.491,-8.326,0.117,0.0898,0.0,0.109,0.711,105.008,70mIuBKGTPrWMwWq9D4F56,187671,6
0.414,0.807,-4.12,0.348,0.0428,0.0,0.822,0.409,175.158,7Ezwtgfw7khBrpvaNPtMoT,191901,5
0.675,0.562,-7.678,0.0352,0.233,0.0,0.0816,0.309,130.098,6eT7xZZlB2mwyzJ2sUKG6w,256533,3
0.835,0.413,-9.81,0.396,0.373,0.00133,0.101,0.111,149.004,6fwdbPMwP1zVStm8FybmkO,258880,8
0.865,0.687,-3.744,0.217,0.242,0.0,0.158,0.486,139.023,7KOlJ92bu51cltsD9KU5I7,242407,8
0.711,0.739,-3.804,0.129,0.114,0.0,0.226,0.43,136.919,20dP2DaMHIAmwWAbp7peSr,252256,1
0.497,0.489,-7.724,0.294,0.0576,9.91e-05,0.122,0.231,171.853,4Q3N4Ct4zCuIHuZ65E3BD4,268187,8
0.943,0.595,-8.372,0.191,0.0673,0.0,0.0839,0.815,117.532,34oWbFBfGEElvgO0a5c9V4,165291,1
0.884,0.347,-8.227,0.35,0.015,7e-06,0.0871,0.376,75.016,2fQrGHiQOvpL9UgPvtYy6G,220307,8
0.91,0.444,-8.126,0.344,0.022,0.0,0.137,0.53,149.953,4knL4iPxPOZjQzTUlELGSY,276333,8
0.785,0.62,-6.667,0.254,0.0138,0.0,0.15,0.478,78.477,59J5nzL1KniFHnU120dQzt,235535,8
0.812,0.628,-6.164,0.0682,0.0634,0.0,0.254,0.485,123.004,4ntsD33Pgsgk8rUyZLLiUV,207059,1
0.888,0.632,-3.872,0.219,0.19,0.0,0.101,0.662,91.979,2NBQmPrOEEjA8VbeWOQGxO,266067,8
0.939,0.742,-5.171,0.0467,0.321,0.0,0.107,0.924,118.978,2kQuhkFX7uSVepCD3h29g5,212360,1
0.693,0.547,-8.127,0.114,0.0111,0.0,0.0677,0.612,80.028,4gFXY5yvHayGckJndafYQE,227960,1
0.575,0.684,-6.007,0.325,0.299,0.0,0.614,0.926,172.155,0DdpxWfVvUGgkJv5536tiF,204040,5
0.956,0.745,-4.753,0.12,0.206,0.0,0.0615,0.912,107.075,04KTF78FFg8sOHC1BADqbY,228240,1
0.508,0.763,-5.674,0.303,0.0627,0.0,0.347,0.275,161.59,4zGvb8hxGLB2jEPRFiRRqw,192947,8
0.657,0.885,-4.695,0.0344,0.0168,0.0,0.147,0.869,105.011,3xqF04FdMK7gpIPG3SPFpY,237987,1
0.482,0.8,-9.278,0.0916,0.0569,0.00223,0.387,0.569,158.81,0wzABO1igQsSy8cQ7dIeHK,202267,0
0.635,0.435,-7.521,0.031,0.00328,6.78e-06,0.071,0.459,76.098,4YPhn26bIFm2KUkL1VLzQG,256880,3
0.471,0.924,-3.906,0.0586,0.00301,0.0,0.313,0.725,154.961,2iUmqdfGZcHIhS3b9E9EWq,177280,0
0.356,0.924,-3.74,0.0808,0.00101,0.0,0.0953,0.232,148.017,7oK9VyNzrYvRFo7nQEYkWN,222587,0
0.604,0.825,-5.373,0.0429,0.0564,5.8e-05,0.192,0.707,144.085,5JtPGzRgrWxkXX9LoROq3d,193107,1
0.864,0.495,-7.036,0.037,0.591,0.000133,0.0992,0.72,129.062,4wCmqSrbyCgxEXROQE6vtV,244973,6
0.672,0.738,-7.045,0.0506,0.0178,6.75e-05,0.0927,0.392,107.938,67WTwafOMgegV6ABnBQxcE,277040,3
0.57,0.798,-4.92,0.0323,0.102,0.000128,0.178,0.671,103.303,57i3M29DWoo7RDk0Tf0LZG,171333,1
0.52,0.791,-4.247,0.0378,0.0104,0.0,0.106,0.19,107.487,7aliOjqVEBd3ZZ8NMkuifd,277637,3
0.56,0.936,-5.835,0.0439,0.00847,0.0,0.161,0.371,112.96,0GO8y8jQk1PkHzS31d699N,218013,3
0.58,0.953,-3.856,0.0614,0.00261,0.0,0.218,0.673,103.041,1SLikaDhWhhhnLJC58bkFI,276320,1
0.668,0.951,-3.453,0.0784,0.0324,0.0,0.338,0.826,113.986,7yMnml7zdYl5LlDFZPm5Hd,175093,1
0.659,0.869,-5.858,0.046,0.00357,0.0,0.302,0.811,106.966,1TfAhjzRBWzYZ8IdUV3igl,201960,1
0.638,0.832,-5.039,0.049,0.141,0.0,0.113,0.648,124.071,1mXuMM6zjPgjL4asbBsgnt,227893,1
0.729,0.756,-5.119,0.0294,0.131,0.0,0.0527,0.522,104.945,1CkvWZme3pRgbzaxZnTl5X,228293,1
0.559,0.777,-5.031,0.0432,0.31,0.0,0.105,0.329,87.016,0xMd5bcWTbyXS7wPrBtZA6,231212,3
0.903,0.62,-8.094,0.0587,0.00347,0.000119,0.0504,0.539,134.96,2FBUoWkIuQXwayw2RNo5l6,267067,1
0.775,0.68,-5.508,0.0629,0.00906,0.0,0.109,0.656,114.025,7oGZAicScQt96OAW4AruYy,207719,1
0.845,0.567,-8.118,0.0956,0.59,0.00142,0.0811,0.793,125.02,3pzjHKrQSvXGHQ98dx18HI,205680,6
0.814,0.482,-10.493,0.0588,0.0111,1.57e-06,0.0476,0.615,148.404,4efoEY8iDBzUqitjmNDhpN,180267,6
0.578,0.866,-3.804,0.0619,0.00701,0.0,0.257,0.619,128.038,4kbj5MwxO1bq9wjT5g9HaA,199080,1
0.893,0.48,-3.728,0.356,0.00855,0.0,0.116,0.382,86.976,5lFDtgWsjRJu8fPOAyJIAK,170638,8
0.823,0.563,-5.095,0.0443,0.0399,0.0,0.0851,0.682,98.031,0k6DnZMLoEUH8NGD5zh2SE,225227,1
0.746,0.754,-6.681,0.067,0.0152,0.0,0.0486,0.764,149.882,1WP1r7fuvRqZRnUaTi2I1Q,206880,1
0.609,0.378,-9.828,0.438,0.835,0.0,0.28,0.515,100.418,3hB5DgAiMAQ4DzYbsMq1IT,233720,8
0.654,0.76,-3.669,0.045,0.0797,0.0,0.299,0.41,99.945,69bp2EbF7Q2rqc5N3ylezZ,200787,3
0.481,0.451,-6.095,0.0347,0.336,0.0,0.0872,0.289,157.966,4sPmO7WMQUAf45kwMOtONw,295493,0
0.716,0.806,-7.602,0.0466,0.0361,0.00413,0.244,0.347,100.033,6O6M7pJLABmfBRoGZMu76Y,225800,3
0.704,0.634,-7.374,0.0428,0.393,3.17e-05,0.0952,0.411,113.927,1I8tHoNBFTuoJAlh4hfVVE,271640,6
0.776,0.662,-7.016,0.0489,0.00157,2.1e-05,0.0887,0.324,152.927,1LxKKYsJNPeBdOwdudsJzv,182733,3
0.566,0.713,-4.25,0.0417,0.645,0.0,0.114,0.807,169.864,4dGJf1SER1T6ooX46vwzRB,238147,0
0.715,0.584,-8.231,0.0296,0.432,1.41e-06,0.095,0.61,90.987,1yEwEiTpsaPhQi9lb5EVV4,203173,6
0.8,0.759,-5.398,0.0378,0.655,0.0,0.0897,0.821,129.979,5kjyiH6but1t2UDXq15aeS,262773,6
0.661,0.751,-2.909,0.0481,0.0571,0.0,0.105,0.875,109.995,5HGibWoxnkYSkl6mHmAlOE,190187,1
0.597,0.605,-12.013,0.0255,0.181,0.000331,0.118,0.886,97.782,4CJVkjo5WpmUAKp3R44LNb,281147,6
0.7,0.864,-3.629,0.0283,0.0212,0.0,0.0956,0.887,102.997,5rX6C5QVvvZB7XckETNych,297587,1
0.654,0.81,-6.26,0.0288,0.00719,0.00251,0.165,0.661,114.623,2MLHyLy5z5l5YRp7momlgw,200307,1
0.87,0.699,-5.541,0.0459,0.245,6.76e-06,0.0588,0.726,126.967,3iVAyrTlbWGBq0laeQ18z2,198440,1
0.829,0.51,-9.334,0.0369,0.00821,0.0014,0.0829,0.45,119.993,5Sf3GyLEAzJXxZ5mbCPXTu,208133,6
0.537,0.66,-7.174,0.0296,0.455,0.0,0.135,0.574,148.096,3xdjjKMcMOFgo1eQrfbogM,298373,0
0.545,0.675,-6.474,0.0279,0.00617,0.00197,0.209,0.162,124.97,0FDzzruyVECATHXKHFs9eJ,267867,3
0.531,0.821,-6.812,0.0439,0.0701,0.171,0.124,0.34,129.139,5RoIXwyTCdyUjpMMkk4uPd,230800,3
0.558,0.872,-4.401,0.0449,0.178,0.0,0.173,0.472,143.971,3b7CDTKB0SRTmQ6ytYi5vZ,213547,0
0.67,0.753,-5.058,0.0383,0.0208,2.71e-06,0.147,0.555,90.385,2Z2vOukzwOgqR4dkymRSWd,183160,1
0.451,0.669,-9.033,0.0651,0.0267,0.0,0.153,0.523,169.632,5xS9hkTGfxqXyxX6wWWTt4,272133,0
0.555,0.931,-2.969,0.0367,0.016,0.0,0.405,0.723,132.085,2TR7A4ulH9R1PNwMyd8o8U,220907,1
0.692,0.809,-5.935,0.0255,0.1,9.77e-05,0.185,0.927,104.023,05ZACkzW8YbRq3eFgIfSNB,263387,1
0.799,0.696,-7.513,0.0859,0.0128,0.000333,0.331,0.62,95.637,5nkYHBWXu7KCgcdwP6jcB1,171067,1
0.746,0.683,-7.416,0.0281,0.0521,0.0169,0.0466,0.815,107.314,7jTKLKs3NDmDnJHan5M2A0,223040,1
0.569,0.638,-6.557,0.0291,0.000547,0.0,0.0848,0.438,144.042,5CG9Ps5ynNjpKJHmwc95pa,197120,0
0.599,0.807,-4.679,0.0402,0.202,0.0,0.196,0.812,172.017,3ts6xK5GzfMAAriT9AIBmP,167427,0
0.818,0.913,-3.06,0.0426,0.093,3.69e-05,0.161,0.536,119.986,1vvNmPOiUuyCbgWmtc6yfm,219160,1
0.732,0.458,-7.225,0.0311,0.447,0.0,0.136,0.661,98.938,7mldq42yDuxiUNn08nvzHO,165387,6
0.449,0.635,-8.301,0.275,0.0413,0.0,0.188,0.608,84.414,7yCqehT9dKACTFy7YugP0J,218493,8
0.6,0.412,-9.343,0.344,0.615,0.0025,0.134,0.408,113.049,6WhzFzROw3aq3rPWjgYlxr,225882,8
0.732,0.396,-9.348,0.0286,0.0841,3.58e-05,0.105,0.548,90.024,6i0V12jOa3mr6uu4WYhUBr,195920,6
0.748,0.524,-5.599,0.0338,0.414,0.0,0.111,0.661,95.01,7BKLCZ1jbUBVqRi2FVlTVw,244960,6
0.665,0.498,-8.185,0.0832,0.228,0.0,0.0757,0.127,81.967,5yuShbu70mtHXY0yLzCQLQ,179613,3
0.791,0.619,-5.886,0.0532,0.00784,0.00423,0.351,0.371,103.989,1xznGGDReH1oQq0xzbwXa3,173987,3
0.713,0.462,-10.027,0.123,0.192,2.16e-06,0.105,0.0594,133.053,5mPSyjLatqB00IkPqRlbTE,212947,3
0.747,0.571,-7.916,0.478,0.38,0.0,0.534,0.553,172.104,79XrkTOfV1AqySNjVlygpW,181933,8
0.72,0.412,-8.687,0.223,0.196,0.0,0.342,0.179,114.408,5InOp6q2vvx0fShv3bzFLZ,275840,8
0.492,0.26,-17.341,0.0921,0.646,0.00178,0.0705,0.312,111.519,047fCsbO4NdmwCBn8pcUXl,347227,4
0.492,0.698,-5.606,0.171,0.0524,0.0,0.428,0.288,139.953,6HMHgBHdLBQ0QYIaOp2gse,209707,0
0.884,0.765,-3.865,0.0882,0.063,7.04e-06,0.118,0.594,99.987,2TRFIQpTqq12xGpFJEr0Ft,224573,1
0.803,0.585,-5.861,0.0432,0.103,3.94e-06,0.0644,0.593,105.017,4tCtwWceOPWzenK2HAIJSb,214480,1
0.356,0.567,-7.011,0.0798,0.0861,0.0,0.137,0.109,135.553,25khomWgBVamSdKw7hzm3l,242253,3
0.702,0.77,-5.416,0.0482,0.124,0.0,0.103,0.593,107.951,6RsWqX8zABZLhZydXxEFOm,213520,1
0.647,0.291,-8.275,0.0363,0.408,0.0,0.0772,0.4,119.839,7ID2dydg1QFuWObmdhwzfm,277707,6
0.38,0.481,-9.874,0.0567,0.464,0.0,0.0765,0.237,105.36,7t5m6zRwIEBxmPt8lNoPPi,348853,4
0.658,0.591,-5.197,0.0309,0.00959,5.27e-06,0.325,0.326,114.078,6VwBbL8CzPiC4QV66ay7oR,323747,3
0.742,0.479,-5.83,0.0551,0.29,0.0,0.391,0.346,119.951,7129iqBafaphfc3WPCGC0L,237300,3
0.576,0.766,-4.943,0.449,0.028,1.68e-06,0.366,0.236,144.833,5OOkp4U9P9oL23maHFHL1h,246761,8
0.618,0.717,-5.738,0.318,0.00256,0.0,0.625,0.603,190.05,5NQbUaeTEOGdD6hHcre0dZ,196693,5
0.365,0.751,-5.429,0.304,0.000707,0.0,0.318,0.604,79.119,0z5ZPs57J2KERwM1tBM2GF,248587,8
0.858,0.697,-5.361,0.23,0.114,0.0,0.224,0.364,98.012,6AoYWCzsDls6c61Zp5qTuU,290836,8
0.702,0.705,-6.666,0.0543,0.258,5.93e-06,0.0879,0.743,154.911,5a7NdkF09AfD0H607eiOkX,213445,1
0.376,0.821,-3.974,0.104,0.0785,0.0,0.0823,0.331,120.462,1wYZZtamWTQAoj8B812uKQ,199453,3
0.756,0.674,-6.518,0.0959,0.0184,0.0,0.158,0.389,111.995,40YcuQysJ0KlGQTeGUosTC,251467,3
0.595,0.46,-7.607,0.396,0.00354,2.76e-05,0.147,0.0542,144.988,2ZRJRe82aZaVhOKKlbJr4v,202451,8
0.692,0.521,-8.465,0.33,0.301,0.0,0.0565,0.463,100.45,62vpWI1CHwFy7tMIcSStl8,292987,8
0.8,0.543,-9.236,0.0911,0.564,0.0,0.116,0.534,133.98,1HNs07uZxZniPNmniw2GTa,293040,6
0.667,0.61,-7.054,0.217,0.322,0.000203,0.426,0.465,99.991,7FOJvA3PxiIU0DN3JjQ7jT,241160,8
0.607,0.784,-6.293,0.268,0.433,0.0,0.689,0.482,81.004,6JG0qhINKVwiHxqN85j7RG,278573,5
0.729,0.675,-6.003,0.0312,0.175,1.58e-06,0.55,0.779,119.968,1fidCEsYlaVE3pHwKCvpFZ,245867,5
0.727,0.599,-6.941,0.327,0.317,0.0,0.219,0.386,167.909,0Y0TOsE1q11qgbi7c5WZsG,197133,8
0.546,0.529,-10.511,0.0583,0.0862,6.5e-06,0.124,0.247,107.331,2Gyc6e2cLxA5hoX1NOvYnU,237787,3
0.748,0.741,-3.103,0.0531,0.00419,0.0,0.147,0.537,128.077,1WoOzgvz6CgH4pX6a1RKGp,213053,1
0.746,0.873,-3.803,0.128,0.0244,0.0,0.354,0.817,148.075,2d8JP84HNLKhmd6IYOoupQ,222093,1
0.831,0.427,-6.903,0.106,0.0531,0.0,0.316,0.216,93.004,6rbeWjEavBHvX2kr6lSogS,234773,3
0.729,0.658,-3.386,0.225,0.0506,0.0,0.0693,0.551,140.043,47x1F4HyX7LafFgxtoa19P,250667,8
0.716,0.485,-7.745,0.404,0.123,2.69e-05,0.604,0.26,74.132,5ujh1I7NZH5agbwf7Hp8Hc,313787,8
0.916,0.301,-7.657,0.237,0.117,0.0,0.089,0.351,100.518,3lSR267IJfT54p0Gfuw7mi,190595,8
0.677,0.604,-5.32,0.0385,0.0612,0.0,0.353,0.297,134.052,2h1IPjP471JJRSShTHRUhi,235947,3
0.732,0.899,-4.237,0.143,0.00496,4.64e-05,0.372,0.759,127.091,1uXbwHHfgsXcUKfSZw5ZJ0,236093,1
0.63,0.53,-7.259,0.0434,0.4,0.0,0.177,0.417,108.038,2YlZnw2ikdb837oKMKjBkW,225053,6
0.546,0.311,-10.396,0.0288,0.818,1.65e-05,0.107,0.246,147.464,13HVjjWUZFaWilh2QUJKsP,260533,4
0.654,0.623,-5.273,0.082,0.253,0.0,0.144,0.401,123.996,3lSDIJ2abCrOdDJ6pshUap,234213,3
0.711,0.508,-7.299,0.0494,0.0354,0.0,0.141,0.665,98.098,2q6j0nlwgKlYy7xgrria4S,217800,1
0.672,0.593,-4.01,0.0304,0.0223,0.0,0.214,0.438,98.02,6ZANrVuAMp2rpjhfbOuJly,229080,3
0.811,0.499,-7.161,0.118,0.0147,2.44e-06,0.342,0.466,111.016,3CJvmtWw2bJsudbAC5uCQk,200680,1
0.912,0.716,-4.141,0.0697,0.0904,0.0,0.0491,0.377,94.981,3W3KtDwAIg3mAruSpnfG3Q,199938,1
0.479,0.419,-6.517,0.0389,0.568,0.000217,0.11,0.186,85.014,5Db9VIdDsN5yu3Eu7CT0i4,172724,4
0.671,0.314,-8.091,0.244,0.11,0.0,0.0825,0.296,110.898,1Tt4sE4pXi57mTD1GCzsqm,191600,8
0.825,0.575,-4.87,0.0633,0.025,9.94e-06,0.205,0.65,153.954,0zO8ctW0UiuOefR87OeJOZ,299960,1
0.525,0.433,-10.598,0.185,0.107,0.0,0.135,0.276,160.108,43PuMrRfbyyuz4QpZ3oAwN,194613,0
0.886,0.525,-7.39,0.131,0.236,0.0,0.057,0.708,145.99,7yyRTcZmCiyzzJlNzGC9Ol,225205,6
0.766,0.442,-8.558,0.356,0.000107,6.12e-05,0.111,0.39,201.8,4Kz4RdRCceaA9VgTqBhBfa,181573,8
0.607,0.536,-7.306,0.0305,0.386,0.0,0.102,0.434,147.986,10M2Ex445zw585Ducldzkw,224853,6
0.523,0.666,-4.081,0.0327,0.401,0.0,0.0728,0.564,78.077,0BCy325UZyR9z0t0uxwn2N,194187,3
0.464,0.813,-6.185,0.0416,0.0153,0.0,0.254,0.515,75.977,6xHI9KjUjYT0FPtGO8Mxa1,222533,3
0.392,0.37,-10.888,0.0298,0.205,0.0096,0.0821,0.512,48.718,3fqwjXwUGN6vbzIwvyFMhx,293293,4
0.581,0.887,-3.659,0.0624,0.000504,0.00111,0.268,0.724,90.578,5eek2X5459T1HoYJk2CKXv,199893,1
0.577,0.828,-8.691,0.0298,0.00213,0.0114,0.0581,0.604,123.257,1bdXMstfxFWYSkEFTnJMoN,331267,1
0.509,0.781,-3.48,0.072,0.0398,0.0,0.0749,0.176,128.0,60wwxj6Dd9NJlirf84wr2c,271427,3
0.358,0.557,-7.398,0.059,0.695,0.0,0.0902,0.494,85.043,5uCax9HTNlzGybIStD3vDh,211467,4
0.696,0.817,-3.862,0.109,0.075,0.0,0.187,0.782,98.064,6kex4EBAj0WHXDKZMEJaaF,216409,1
0.64,0.533,-6.596,0.0706,0.119,0.0,0.0864,0.515,99.968,3eR23VReFzcdmS7TYCrhCe,220781,3
0.624,0.876,-3.374,0.1,0.0735,0.0,0.327,0.781,99.943,0afhq8XCExXpqazXczTSve,170827,1
0.746,0.653,-6.745,0.289,0.378,0.0,0.229,0.672,75.016,2EEeOnHehOozLq4aS0n6SL,253107,8
0.573,0.781,-6.406,0.0555,0.0767,2.64e-05,0.0813,0.343,139.934,1UZOjK1BwmwWU14Erba9CZ,231907,3
0.857,0.8,-4.035,0.0583,0.381,0.0,0.0913,0.966,121.996,79cuOz3SPQTuFrp8WgftAu,199440,1
0.843,0.359,-7.417,0.461,0.069,0.0,0.12,0.156,81.987,2ANLarE8yHVsLWW21nj79M,163944,8
0.795,0.568,-7.817,0.142,0.0541,0.0,0.108,0.478,136.173,0B8QzDH7YWih85V5SEMnyJ,198944,6
0.655,0.819,-4.852,0.0316,0.000176,0.00374,0.104,0.766,117.956,6Z8R6UsFuGXGtiIxiD8ISb,192790,1
0.856,0.609,-7.223,0.0824,0.00801,8.15e-05,0.0344,0.928,114.988,32OlwWuMpZ6b0aN2RZOeMS,269667,1
0.709,0.589,-7.776,0.0433,0.0507,0.0,0.0585,0.58,133.922,29gsi1zZrZxdStACmTQB0Z,278067,1
0.741,0.697,-7.028,0.0277,0.0664,2.28e-05,0.133,0.774,116.109,2LawezPeJhN4AWuSB0GtAU,160133,1
0.828,0.492,-9.744,0.0276,0.0644,0.00428,0.128,0.789,120.151,0ofHAoxe9vBkTCp2UQIavz,257800,6
0.338,0.34,-12.049,0.0339,0.58,0.0032,0.116,0.197,82.433,5CQ30WqJwcep0pYcV4AMNc,482830,4
0.592,0.767,-2.788,0.027,0.0021,0.00165,0.127,0.328,96.483,48UPSzbZjgc449aqz8bxox,329733,3
0.618,0.938,-3.442,0.0456,0.0179,0.0,0.167,0.875,91.455,3ZOEytgrvLwQaqXreDs2Jx,269000,1
0.559,0.345,-13.496,0.0459,0.0576,0.000105,0.141,0.458,84.581,3d9DChrdc6BOeFsbrZ3Is0,264307,6
0.427,0.9,-3.674,0.0499,0.116,1.75e-05,0.119,0.599,104.655,2aibwv5hGXSgw7Yru8IYTO,334667,3
0.595,0.717,-4.803,0.0295,0.0779,0.00274,0.108,0.547,88.969,1G391cbiT3v3Cywg8T7DM1,215907,3
0.458,0.795,-3.265,0.0574,0.00316,0.000202,0.0756,0.513,123.229,64BbK9SFKH2jk86U3dGj2P,255373,3
0.556,0.913,-2.36,0.0437,0.0193,8.59e-06,0.346,0.73,96.184,10Nmj3JCNoMeBQ87uw5j8k,282160,1
0.531,0.481,-11.709,0.06,0.699,0.0,0.0842,0.491,138.45,1fDsrQ23eTAVFElUMaf38X,516893,4
0.665,0.673,-7.95,0.0493,0.259,7.62e-06,0.497,0.779,132.642,5Wj1rJnCLpMHdLaxsFtJLs,322549,5
0.601,0.532,-9.119,0.0286,0.432,6.25e-06,0.0925,0.341,136.571,2zvot9pY2FNl1E94kc4K8M,281613,6
0.307,0.433,-10.057,0.029,0.388,9.08e-05,0.332,0.224,160.9,5MxNLUsfh7uzROypsoO5qe,266960,4
0.505,0.71,-10.853,0.0371,0.0115,2.58e-06,0.0977,0.771,138.907,6N1EjQjnvhOjFrF6oUmGPa,216973,1
0.482,0.786,-5.735,0.032,0.00321,8.88e-05,0.446,0.793,126.755,4DMKwE2E2iYDKY01C335Uw,323000,5
0.529,0.127,-16.066,0.0274,0.611,0.000109,0.237,0.578,63.05,3zByVQLvdXUaDTubfWkpCk,203573,4
0.572,0.418,-10.738,0.0349,0.635,0.0,0.0961,0.694,104.566,6RrXd9Hph4hYR4bf3dbM6H,165000,6
0.392,0.629,-7.056,0.0335,0.718,3.76e-06,0.129,0.72,124.511,2Gy7qnDwt8Z3MNxqat4CsK,153205,6
0.671,0.373,-18.064,0.0323,0.257,8.01e-05,0.0481,0.732,92.718,2374M0fQpWi3dLnB54qaLX,295893,6
0.82,0.452,-9.796,0.0348,0.543,0.00294,0.0701,0.74,117.401,5C0LFQARavkPpn7JgA4sLk,253250,6
0.491,0.583,-10.964,0.0376,0.185,0.0,0.406,0.908,150.566,3yrSvpt2l1xhsV9Em88Pul,183307,6
0.836,0.509,-13.668,0.0548,0.467,4.1e-06,0.0436,0.949,138.714,5IMtdHjJ1OtkxbGe4zfUxQ,276493,6
0.45,0.658,-7.064,0.0472,0.648,3.14e-06,0.264,0.781,106.799,0EMmVUYs9ZZRHtlADB88uz,287307,6
0.725,0.853,-7.842,0.0353,0.0348,0.127,0.196,0.904,136.282,7fSGbZLhWlAiCC3HDPAULu,222813,1
0.415,0.425,-11.082,0.0278,0.396,0.000407,0.143,0.281,145.234,4BGJSbB5rAcg4pNzD4gfxU,377093,4
0.295,0.584,-6.696,0.0345,0.000385,0.218,0.0996,0.228,117.2,7BY005dacJkbO6EPiOh2wb,271280,3
0.692,0.711,-7.498,0.0317,0.225,0.0,0.12,0.875,125.135,1TfqLAPs4K3s2rJMoCokcS,216933,1
0.637,0.811,-11.345,0.0583,0.363,0.00451,0.107,0.552,112.053,40dJCw4xU6Bd5ie9rfagNo,251480,6
0.751,0.501,-12.151,0.0551,0.234,0.112,0.0467,0.902,167.057,4o6BgsqLIBViaGVbx5rbRk,190627,6
0.529,0.932,-7.501,0.0488,0.00251,0.00109,0.136,0.571,138.158,71SvEDmsOwIWw1IozsZoMA,201693,0
0.5,0.748,-9.072,0.0363,0.127,0.0,0.447,0.514,118.852,4bHsxqR3GMrXTxEPLuK5ue,250987,5
0.579,0.508,-9.484,0.027,0.00574,0.000494,0.0575,0.609,147.125,40riOy7x9W7GXjyGp4pjAv,391376,3
0.575,0.67,-10.39,0.0318,0.343,4.95e-06,0.129,0.74,139.191,4yugZvBYaoREkJKtbG08Qr,211578,6
0.618,0.748,-8.905,0.361,0.0384,4.1e-06,0.0477,0.662,134.001,3FmAUR4SPWa3P1KyDf21Fu,191500,8
0.573,0.683,-6.644,0.176,0.461,0.0,0.0935,0.817,169.519,0qRR9d89hIS0MHRkQ0ejxX,142787,0
0.855,0.587,-4.589,0.0336,0.0505,0.00714,0.105,0.64,111.97,1vxw6aYJls2oq3gW0DujAo,177466,1
0.547,0.82,-6.728,0.0805,0.261,0.0,0.3,0.933,118.208,2Nz6aF1umHh5Et6I5H581L,172867,1
0.693,0.911,-3.691,0.0305,0.183,0.000107,0.3,0.982,125.895,1mqlc0vEP9mU1kZgTi6LIQ,216520,1
0.65,0.658,-10.908,0.085,0.0887,0.00403,0.0526,0.883,100.541,5lXcSvHRVjQJ3LB2rLKQog,239120,1
0.745,0.272,-16.539,0.0551,0.561,0.0161,0.0529,0.504,101.95,3QEkTxcsLUPfE33cRZ4y2K,199400,6
0.583,0.947,-5.12,0.0378,0.0185,0.00109,0.0679,0.803,135.448,07GvNcU1WdyZJq3XxP0kZa,223613,1
0.596,0.448,-9.616,0.0396,0.365,5.3e-06,0.206,0.796,83.293,1bp2IO61zbQrbWNmKKxg3f,264504,6
0.509,0.538,-7.335,0.0572,0.385,0.0,0.104,0.244,75.089,2jyjhRf6DVbMPU5zxagN2h,252867,3
0.625,0.414,-8.7,0.0369,0.294,0.0,0.151,0.669,130.088,2qLMf6TuEC3ruGJg4SMMN6,189613,6
0.407,0.147,-8.822,0.0355,0.857,2.89e-06,0.0913,0.0765,141.284,5TvE3pk05pyFIGdSY9j4DJ,229400,4
0.69,0.781,-5.101,0.0305,0.0873,2.28e-06,0.164,0.841,130.02,2Fk0WwAqTBesLtKg97nojy,190733,1
0.828,0.609,-4.402,0.0694,0.0916,1.21e-06,0.291,0.707,109.725,5pfJsMwoRYKampPay8amX0,292593,1
0.503,0.727,-5.456,0.167,0.0159,9.45e-05,0.0895,0.521,121.985,1BltsyC5W3SAABdxyrDXwi,255632,3
0.926,0.666,-5.314,0.244,0.0611,0.0,0.123,0.168,127.079,4Km5HrUvYTaSUfiSGPJeQR,343150,8
0.95,0.743,-5.861,0.238,0.0646,1.11e-05,0.103,0.619,136.983,76Y0gxtTxN0FyDCYh5qYQj,257546,8
0.92,0.675,-5.661,0.263,0.307,0.0,0.104,0.749,141.967,6p8NuHm8uCGnn2Dtbtf7zE,304041,8
0.805,0.33,-8.712,0.1,0.22,0.0,0.105,0.211,121.97,7t2bFihaDvhIrd2gn2CWJO,242983,6
0.925,0.443,-8.216,0.264,0.0172,0.0,0.276,0.35,136.078,2bjwRfXMk4uRgOD9IBYl9h,236615,8
0.809,0.463,-11.377,0.0396,0.256,0.085,0.109,0.364,111.98,7hDc8b7IXETo14hHIHdnhd,298941,6
0.863,0.576,-5.687,0.239,0.124,0.0,0.143,0.832,132.054,55OdqrG8WLmsYyY1jijD9b,236293,8
0.717,0.347,-10.265,0.0636,0.0511,2.43e-06,0.087,0.0589,84.987,1wZqJM5FGDEl3FjHDxDyQd,235477,3
0.692,0.774,-2.48,0.0876,0.0623,0.0,0.873,0.349,134.952,2nBI3iWLhupR7LyAJ5GGkE,334253,5
0.62,0.573,-11.893,0.0423,0.271,0.0,0.0607,0.897,81.548,0ikz6tENMONtK6qGkOrU3c,231333,6
0.573,0.902,-7.638,0.054,0.018,0.00125,0.0928,0.876,84.412,2WfaOiMkCvy7F5fcp2zZ8L,225280,1
0.727,0.834,-5.851,0.0496,0.165,0.0,0.105,0.816,131.7,5RsUlxLto4NZbhJpqJbHfN,194120,1
0.564,0.911,-5.39,0.0536,0.159,4.36e-05,0.118,0.582,173.938,4YR6Dextuoc3I8nJ0XgzKI,226293,0
0.709,0.824,-8.824,0.0453,0.207,0.000307,0.0888,0.867,118.818,2tUBqZG2AbRi7Q0BIrVrEj,291293,1
0.721,0.939,-11.823,0.0376,0.115,3.79e-05,0.108,0.914,113.309,4uLU6hMCjMI75M1A2tKUQC,213573,1
0.579,0.654,-12.421,0.0553,0.121,3.62e-06,0.0673,0.616,129.537,4oDZ5L8izBals6jKBJDBcX,216467,6
0.743,0.766,-6.375,0.0265,0.0873,0.0,0.509,0.61,127.96,70cTMpcgWMcR18t9MRJFjB,289133,5
0.647,0.822,-4.662,0.183,0.219,0.0,0.0908,0.962,160.019,5b88tNINg4Q4nrRbrCXUmg,232720,1
0.734,0.766,-4.485,0.0383,0.025,0.00138,0.108,0.6,127.986,6qn9YLKt13AGvpq9jfO8py,215227,1
0.748,0.788,-7.055,0.0334,0.0591,0.0,0.0863,0.884,120.076,494OU6M7NOf4ICYb4zWCf5,235493,1
0.799,0.539,-6.351,0.0421,0.199,1.66e-05,0.165,0.394,136.948,5Z3GHaZ6ec9bsiI5BenrbY,202547,6
0.668,0.725,-6.127,0.266,0.0102,0.000479,0.0561,0.729,191.944,7xHWNBFm6ObGEQPaUxHuKO,210227,0
0.666,0.83,-5.715,0.0751,0.0123,0.0,0.191,0.702,113.03,6JV2JOEocMgcZxYSZelKcc,236002,1
0.853,0.56,-4.961,0.0406,0.013,0.0,0.0944,0.86,134.066,0KKkJNfGyhkQ5aFogxQAPU,206693,1
0.608,0.86,-5.324,0.0554,0.0991,0.0,0.262,0.437,127.075,1NpW5kyvO4XrNJ3rnfcNy3,232947,3
0.617,0.635,-6.769,0.0317,0.0498,1.44e-05,0.164,0.446,103.019,6RUKPb4LETWmmr3iAEQktW,247160,3
0.773,0.819,-5.946,0.118,0.426,0.0,0.0679,0.585,92.99,5GXAXm5YOmYT0kL5jHvYBt,269187,1
0.874,0.687,-5.253,0.0426,0.034,7.59e-05,0.324,0.92,116.054,4G2Hbfwvn3oH7LxxPXjjGn,178560,1
0.663,0.861,-3.398,0.109,0.0338,0.0,0.082,0.654,119.963,4356Typ82hUiFAynbLYbPn,220800,1
0.5,0.726,-4.124,0.0643,0.0362,0.0,0.441,0.397,125.904,6WQLkih8nE0JdUCEyLaGnQ,210013,5
0.657,0.827,-4.036,0.0734,0.000704,0.00534,0.065,0.69,145.889,26rdOwwjC2UnweK3xeS58u,190186,1
0.751,0.783,-3.724,0.0859,0.00379,0.0,0.036,0.816,119.975,2CEgGE6aESpnmtfiZwYlbV,202613,1
0.671,0.672,-3.094,0.0688,0.0329,0.0,0.118,0.632,97.979,1OAh8uOEOvTDqkKFsKksCi,204173,1
0.476,0.718,-5.309,0.0576,0.0784,1.02e-05,0.122,0.142,199.864,4pdPtRcBmOSQDlJ3Fk945m,205947,0
0.721,0.802,-5.797,0.0583,0.0921,0.0,0.694,0.724,124.022,2bJvI42r8EF3wxjOuDav4r,229360,5
0.461,0.446,-7.703,0.0267,0.1,0.0,0.169,0.375,139.868,7L605WhF5EGf34ggj87yK6,195493,3
0.421,0.407,-7.445,0.0267,0.309,0.000961,0.11,0.161,139.028,6lanRgr6wXibZr8KgzXxBl,285120,3
0.818,0.803,-4.282,0.0797,0.034,0.0,0.153,0.632,106.97,6b8Be6ljOzmkOmFslEb23P,225983,1
0.781,0.445,-6.061,0.0295,0.474,0.0,0.184,0.591,78.998,1Slwb6dOYkBlWal1PGtnNg,281560,6
0.644,0.469,-9.117,0.238,0.179,0.0,0.658,0.615,79.991,0uMUvbkTdjBNZ5UuHZ5PIj,180675,5
0.767,0.677,-6.128,0.184,0.0339,5.51e-06,0.144,0.538,146.155,0LWQWOFoz5GJLqcHk1fRO2,222587,1
0.612,0.593,-6.294,0.458,0.0395,0.0,0.484,0.883,130.583,3Eq7yD58dIXqOgw1j7NFhY,223173,8
0.756,0.77,-3.502,0.0343,0.191,0.0,0.178,0.73,119.961,26eOTllWPn7oKuDUJnsJwF,246467,1
0.511,0.596,-6.56,0.224,0.53,0.0,0.0798,0.554,158.063,6fTdcGsjxlAD9PSkoPaLMX,226014,0
0.76,0.652,-7.321,0.232,0.0348,0.0,0.307,0.759,100.315,5l3CML2OnzfNs5RfVgbcLt,177685,8
0.818,0.799,-4.1,0.156,0.00107,0.128,0.057,0.0815,100.014,67awxiNHNyjMXhVgsHuIrs,213733,3
0.766,0.809,-6.123,0.279,0.0011,0.0,0.168,0.325,130.127,722tgOgdIbNe3BEyLnejw4,188013,8
0.542,0.914,-4.747,0.113,0.0161,0.0,0.744,0.576,153.993,2gZUPNdnz5Y45eiGxpHGSc,292093,5
0.7,0.598,-7.783,0.114,0.0369,0.0,0.111,0.594,160.041,0wpbHnOW0zVUtV10LSj9c9,228453,0
0.881,0.788,-4.669,0.168,0.0212,0.0,0.0377,0.592,104.997,0XUfyU2QviPAs6bxSpXYG4,250373,1
0.769,0.899,-3.104,0.165,0.0139,0.0,0.0681,0.641,95.058,4tXA1TUmKvz7CbUT9LUHDx,217587,1
0.587,0.698,-8.948,0.0943,0.0152,0.0,0.442,0.0985,133.954,4Pwjz3DfvfQWV0rO2V8jyh,310720,3
0.632,0.898,-7.364,0.119,0.128,0.0,0.449,0.797,162.974,1yYzuNd0KRyHVJ3NH8apBt,164587,0
0.68,0.774,-3.136,0.0697,0.101,0.0,0.113,0.331,102.949,0lmdsH1MIoLsMymnNpd6HU,163841,3
0.94,0.335,-10.179,0.505,0.17,0.0,0.262,0.707,120.04,5hTpBe8h35rJ67eAWHQsJx,209640,8
0.825,0.652,-3.183,0.0802,0.581,0.0,0.0931,0.931,95.977,7qiZfU4dY1lWllzX7mPBI3,233713,6
0.634,0.525,-8.968,0.47,0.0705,0.0,0.0729,0.49,130.271,1Bqxj0aH5KewYHKUg1IdrF,222467,8
0.706,0.427,-6.864,0.0879,0.413,0.0,0.0609,0.42,113.804,6D0b04NJIKfEMg040WioJQ,176320,6
0.557,0.54,-10.484,0.0347,0.0339,0.00248,0.179,0.394,129.171,45yEy5WJywhJ3sDI28ajTm,185733,3
0.574,0.913,-4.793,0.133,0.061,0.00158,0.156,0.423,115.728,2zYzyRzz6pRmhPzyfMEC8s,208400,3
0.674,0.89,-4.446,0.0459,0.203,0.0,0.0819,0.737,97.02,6mghCOaaSvrke0z1EUVUIf,216773,1
0.703,0.444,-9.331,0.0417,0.559,0.0,0.0973,0.712,150.96,3S0OXQeoh0w6AY8WQVckRW,242947,6
0.733,0.71,-5.849,0.0292,0.145,0.115,0.0956,0.965,127.975,7w87IxuO7BDcJ3YUqCyMTT,239600,1
0.753,0.457,-7.709,0.0767,0.00679,0.484,0.311,0.297,123.913,1jNOi6m3Hn8nLEeHCp5Msr,231800,7
0.273,0.952,-8.762,0.0843,0.0169,0.0111,0.142,0.472,100.271,3YBZIN3rekqsKxbJc9FZko,405640,3
0.542,0.905,-5.653,0.054,0.00172,0.0104,0.136,0.374,153.398,0ntQJM78wzOLVeCUAW7Y45,203347,0
0.454,0.91,-7.766,0.0448,0.0866,0.0996,0.116,0.629,125.116,7o2CTH4ctstm8TNelqjb51,354520,0
0.64,0.743,-4.08,0.0379,0.269,0.0,0.101,0.361,122.035,5fVZC9GiM4e8vu99W0Xf6J,262533,3
0.814,0.373,-8.017,0.116,0.602,1.7e-05,0.0931,0.632,114.548,0BgbobvykXxEvxo2HhCuvM,191907,6
0.551,0.27,-12.808,0.0326,0.851,7.04e-06,0.0966,0.289,128.221,17VegeBoHvMlIByrdu64KR,244227,4
0.628,0.69,-5.83,0.0511,0.443,0.0,0.113,0.66,179.908,7qCAVkHWZkF44OzOUKf8Cr,205907,0
0.66,0.786,-4.757,0.17,0.209,0.0,0.112,0.846,177.833,4aWmUDTfIPGksMNLV2rQP2,228200,0
0.543,0.677,-4.915,0.0993,0.0148,6.21e-06,0.13,0.294,103.809,2rb5MvYT7ZIxbKW5hfcHx8,189440,3
0.867,0.646,-4.674,0.288,0.303,0.0,0.279,0.67,88.634,6MdqqkQ8sSC0WB4i8PyRuQ,304600,8
0.743,0.675,-4.267,0.0953,0.0251,0.000717,0.0685,0.59,92.909,1KGi9sZVMeszgZOWivFpxs,214400,1
0.381,0.594,-5.97,0.0486,0.348,0.0,0.0925,0.273,143.86,7IWkJwX9C0J7tHurTD7ViL,290907,3
0.715,0.715,-7.364,0.0904,0.0526,0.0,0.0936,0.506,134.923,7tmtOEDxPN7CWaQWBsG1DY,238747,1
0.468,0.19,-11.138,0.0373,0.919,0.0,0.107,0.326,125.319,64GRDrL1efgXclrhVCeuA0,219536,4
0.595,0.389,-9.245,0.0349,0.418,1.39e-06,0.116,0.4,166.052,5kNe7PE09d6Kvw5pAsx23n,227427,6
0.315,0.296,-13.262,0.0315,0.771,0.0,0.702,0.435,173.509,4LloVtxNZpeh7q7xdi1DQc,263573,5
0.609,0.444,-9.129,0.106,0.603,6.86e-06,0.104,0.166,118.402,3XVBdLihbNbxUwZosxcGuJ,228707,4
0.422,0.264,-7.064,0.0322,0.922,0.0,0.132,0.331,119.93,3uhBIQ7tv8j1FME8cFGEfG,269560,4
0.591,0.259,-14.061,0.0481,0.837,3.11e-06,0.135,0.108,76.396,3ZMv9EzGoteNi5Qnx0KpEO,232427,4
0.379,0.29,-8.485,0.051,0.952,0.00106,0.118,0.169,166.467,4RL77hMWUq35NYnPLXBpih,201080,4
0.432,0.388,-7.687,0.1,0.776,0.0,0.112,0.256,177.549,3UfCFlGruX0DRPCpD1V3pU,229716,4
0.209,0.417,-8.74,0.0338,0.164,0.00196,0.113,0.124,138.178,7LVHVU3tWfcxj5aiPFEW4Q,295533,3
0.372,0.247,-8.706,0.0273,0.981,0.000223,0.11,0.239,96.17,4d75stQ2jRfq8lzaqhFFKs,223429,4
0.483,0.303,-10.058,0.0429,0.694,0.0,0.115,0.139,133.406,53QF56cjZA9RTuuMZDrSA6,240166,4
0.599,0.614,-6.573,0.0517,0.00203,1.56e-06,0.117,0.122,128.044,5brMyscUnQg14hMriS91ks,229947,3
0.461,0.834,-4.868,0.0989,0.0232,1.14e-05,0.14,0.471,135.007,6PCUP3dWmTjcTtXY02oFdT,261154,0
0.819,0.768,-8.522,0.134,0.234,0.0,0.334,0.964,139.982,1CvhKmrutTAta5awpJcFDn,185131,1
0.704,0.558,-7.273,0.0542,0.148,0.0,0.107,0.245,110.444,4lLtanYk6tkMvooU0tWzG8,222091,3
0.56,0.756,-4.817,0.0415,0.00635,1.29e-05,0.55,0.404,179.771,3bDGwl0X3EjQmIyFD1uif5,223546,5
0.731,0.867,-5.881,0.032,0.0395,0.0,0.0861,0.776,104.019,3cfOd4CMv2snFaKAnMdnvK,200373,1
0.383,0.861,-2.816,0.0777,0.0038,0.0,0.11,0.48,176.084,0yhPEz5KxlDwckGJaMlZqM,228360,0
0.822,0.739,-4.541,0.0311,0.0264,4.26e-05,0.181,0.745,118.992,1dzQoRqT5ucxXVaAhTcT0J,241933,1
0.723,0.809,-3.081,0.0625,0.00346,0.00123,0.565,0.274,98.007,4WjH9Bzt3kx7z8kl0awxh4,176561,5
0.612,0.84,-3.145,0.0509,0.112,0.0,0.116,0.438,129.042,2V65y3PX4DkRhy1djlxd9p,212862,3
0.73,0.703,-5.672,0.0369,0.109,0.0,0.0657,0.595,138.113,2K87XMYnUMqLcX3zvtAF4G,192120,1
0.774,0.764,-5.445,0.0518,0.156,0.0,0.0383,0.912,118.997,2aFiaMXmWsM3Vj72F9ksBl,219147,1
0.636,0.815,-5.098,0.0581,0.0185,0.0,0.163,0.636,123.063,5tf1VVWniHgryyumXyJM7w,219043,1
0.617,0.759,-6.785,0.0677,0.0026,0.0,0.42,0.324,122.925,3Bjr9MzHM7KHk6zq7KvJRN,218747,3
0.486,0.904,-3.751,0.0638,3.43e-05,2.83e-05,0.0947,0.786,173.734,23oxJmDc1V9uLUSmN2LIvx,198267,0
0.262,0.361,-10.187,0.0333,0.508,0.00268,0.108,0.056,126.786,5Mw9bXG1dLNhbjofkVS2oR,535963,4
0.591,0.889,-3.839,0.115,0.0189,0.0,0.155,0.65,143.067,4NTWZqvfQTlOMitlVn6tew,239613,0
0.688,0.702,-4.792,0.0499,0.0215,0.0,0.128,0.74,94.006,6Knv6wdA0luoMUuuoYi2i1,192191,1
0.66,0.867,-4.285,0.116,0.11,0.0,0.0368,0.377,93.033,6lV2MSQmRIkycDScNtrBXO,180480,3
0.627,0.703,-4.884,0.236,0.563,0.0,0.0962,0.64,81.897,6jizk5lOUnfpaZXYMdfeC6,217307,8
0.604,0.787,-3.674,0.103,0.0679,0.15,0.127,0.301,126.062,2dOTkLZFbpNXrhc24CnTFd,245040,3
0.516,0.764,-6.223,0.0366,0.0717,0.0,0.115,0.376,148.021,4zweVv3Wa6XgexhoUOzkYs,224693,0
0.593,0.74,-6.12,0.0339,0.363,2.22e-05,0.102,0.502,118.008,6fOPuabPdAJ0HgqJFcDGb1,208107,3
0.835,0.687,-3.18,0.184,0.101,0.0,0.132,0.828,94.059,0uqPG793dkDDN7sCUJJIVC,272533,1
0.662,0.71,-4.945,0.0364,0.0603,0.0,0.119,0.465,121.979,5edBgVtRD0fvWk140Sl21T,257267,3
0.473,0.777,-3.698,0.059,0.119,7.87e-05,0.671,0.21,136.249,6Ep6BzIOB9tz3P4sWqiiAB,186813,5
0.646,0.795,-3.293,0.0976,0.0319,0.0,0.267,0.796,89.99,0qOnSQQF0yzuPWsXrQ9paz,210960,1
0.788,0.753,-3.71,0.0536,0.0038,0.0,0.18,0.403,125.005,3f7gYMirBEKuc57218BjOY,234653,1
0.68,0.687,-6.162,0.0709,0.0161,0.0,0.261,0.467,150.053,1IAzD1muglOxOcPbUHs70R,249533,0
0.375,0.862,-3.363,0.255,0.071,0.0,0.211,0.478,159.841,3jlbL2OTD5YmIunYzgQTAN,338853,0
0.615,0.711,-5.507,0.0779,0.0444,0.0,0.145,0.711,144.036,67T6l4q3zVjC5nZZPXByU8,221253,1
0.662,0.739,-5.354,0.0322,0.00206,0.0603,0.113,0.382,130.999,6JY1IdkZGeIcPegKxjSKeb,188960,3
0.762,0.661,-6.075,0.0687,0.15,0.0,0.256,0.769,130.009,1hGy2eLcmC8eKx7qr1tOqx,225373,1
0.736,0.74,-2.18,0.0786,0.515,0.0,0.0468,0.803,140.141,66TRwr5uJwPt15mfFkzhbi,221933,1
0.688,0.835,-4.162,0.0911,0.0583,2.87e-06,0.0795,0.88,84.858,6ndmKwWqMozN2tcZqzCX4K,230493,1
0.918,0.609,-5.64,0.0791,0.0928,0.0,0.139,0.304,128.008,0CAfXk7DXMnon4gLudAp7J,231400,3
0.733,0.664,-6.163,0.295,0.102,0.0,0.191,0.557,148.005,3iL2l5gUqyPS6vDwJFgJTR,288133,8
0.442,0.83,-4.02,0.146,0.128,0.0,0.129,0.578,89.338,6BaxqcoEM9r3LXisTyJjST,215747,3
0.743,0.752,-4.813,0.0414,0.0188,0.0,0.287,0.545,110.015,1XGmzt0PVuFgQYYnV2It7A,231173,1
0.722,0.761,-4.459,0.0475,0.0117,0.0,0.315,0.624,128.044,7pYfyrMNPn3wtoCyqcTVoI,201493,1
0.727,0.68,-4.498,0.0286,0.0101,0.0,0.0821,0.728,132.012,6cmm1LMvZdB5zsCwX5BjqE,212507,1
0.854,0.692,-6.625,0.0479,0.0668,0.0,0.247,0.753,101.865,06iMqWThw4w8fTFyccvOwr,291782,1
0.674,0.695,-8.636,0.278,0.0387,0.00202,0.194,0.773,151.486,6ScJMrlpiLfZUGtWp4QIVt,221840,8
0.901,0.697,-3.439,0.28,0.145,0.0,0.287,0.67,93.941,7KwZNVEaqikRSBSpyhXK2j,229827,8
0.899,0.713,-2.752,0.366,0.255,0.0,0.0708,0.777,90.051,7iL6o9tox1zgHpKUfh9vuC,193467,8
0.751,0.708,-5.653,0.0545,0.0482,1.85e-05,0.107,0.509,108.97,6bUNEbXT7HovLW6BgPCBsb,369573,1
0.681,0.586,-8.324,0.058,0.169,0.0,0.0924,0.604,94.539,5xV0Czdqefft6sPDqjmFBu,249093,6
0.713,0.678,-3.525,0.102,0.273,0.0,0.149,0.734,138.009,7H6ev70Weq6DdpZyyTmUXk,271333,1
0.673,0.683,-5.693,0.115,0.522,0.0,0.235,0.713,171.86,34ceTg8ChN5HjrqiIYCn9Q,232000,0
0.325,0.18,-10.647,0.0311,0.91,0.000633,0.113,0.0997,72.416,7rPLZ8Krm6CZIbraFUlnWZ,212040,4
0.734,0.637,-5.677,0.141,0.0462,2.29e-05,0.0602,0.648,169.977,3CRDbSIZ4r5MsZ0YwxuEkn,202333,0
0.812,0.479,-6.47,0.0429,0.0485,0.0,0.102,0.0873,95.505,20IZ0jYjnFO0NxyiaRsJwb,173045,3
0.648,0.736,-7.948,0.0385,0.0444,0.000137,0.171,0.378,103.027,2FiSTH0GYpIioUgjfzMIja,239465,3
0.694,0.712,-3.923,0.046,0.132,0.0,0.211,0.799,98.023,1rIKgCH4H52lrvDcz50hS8,201122,1
0.728,0.563,-8.053,0.134,0.621,0.0,0.179,0.352,100.017,68EMU2RD1ECNeOeJ5qAXCV,217707,6
0.584,0.7,-4.275,0.0456,0.117,0.0,0.0939,0.438,124.944,0PDUDa38GO8lMxLCRc4lL1,202747,3
0.583,0.732,-5.728,0.0457,0.00312,9.86e-06,0.269,0.276,145.992,6hmhG1b4LEyNuashVvuIAo,213428,0
0.611,0.7,-5.331,0.0436,0.0199,0.0,0.0549,0.213,104.981,4OZEu0Vwq0RB2LAq14v99n,220573,3
0.542,0.859,-5.651,0.197,0.16,0.00466,0.137,0.403,159.797,0QsvXIfqM0zZoerQfsI9lm,208053,0
0.597,0.531,-6.83,0.0295,0.0685,3.72e-06,0.0617,0.271,74.938,6vnDoUOHTiVB5DvX18tJon,262521,3
0.714,0.451,-8.268,0.0276,0.0883,0.0,0.108,0.406,127.787,7GJClzimvMSghjcrKxuf1M,200720,6
0.596,0.555,-11.689,0.0374,0.617,0.0395,0.275,0.235,115.019,15twB7zTglmu0Bg8gW4Mrm,277333,4
0.877,0.391,-8.196,0.063,0.0317,0.000502,0.0945,0.122,131.018,6UjfByV1lDLW0SOVQA4NAi,189230,3
0.652,0.795,-5.192,0.174,0.156,0.0,0.123,0.788,135.018,0v9Wz8o0BT8DU38R4ddjeH,304607,1
0.532,0.783,-5.697,0.0523,0.0038,0.0012,0.161,0.643,124.08,6g1NlCpW7fgqDnWbCCDrHl,247427,1
0.475,0.432,-7.844,0.0302,0.183,0.0,0.161,0.648,94.605,6ORqU0bHbVCRjXm9AjyHyZ,153467,6
0.518,0.916,-3.858,0.0454,0.000148,0.0,0.291,0.646,109.864,2l57cfmCnOkwNX1tky02n1,238880,1
0.465,0.954,-4.251,0.044,0.000346,5.38e-06,0.573,0.458,143.85,5lDriBxJd22IhOH9zTcFrV,193653,5
0.778,0.824,-5.892,0.0707,0.284,0.0,0.405,0.758,100.024,3ZFTkvIE7kyPt6Nu3PEa7V,218093,1
0.52,0.953,-3.813,0.0622,0.109,0.0,0.354,0.856,171.981,6eYYm2xwrvdav2yakF3cqg,192160,0
0.592,0.794,-5.336,0.187,0.0833,0.0,0.227,0.438,135.991,2N3F1EQCpnIeDOA3rLSAfE,229880,0
0.782,0.589,-7.37,0.0803,0.0476,5.84e-06,0.0366,0.849,85.022,1dgWTMoHwTUnQhOQ8SR5fV,182960,1
0.68,0.741,-5.055,0.0357,0.347,1.87e-06,0.117,0.635,127.024,2qYsSHsYkihWx043HVJQRV,229400,1
0.585,0.776,-5.898,0.0459,0.0572,7.74e-06,0.3,0.427,77.987,2IiNA0s5eQBSjwK4iNeUvW,244507,3
0.545,0.865,-5.708,0.0286,0.00664,1.1e-05,0.168,0.543,99.009,6ZOBP3NvffbU4SZcrnt1k6,233933,3
0.459,0.891,-5.057,0.0623,0.00511,0.0,0.106,0.588,154.837,18GC3F8YPGB8CePXcTUizQ,203507,0
0.494,0.842,-4.784,0.0843,0.00579,0.0,0.122,0.574,162.011,2TfSHkHiFO4gRztVIkggkE,229093,0
0.614,0.938,-4.461,0.0611,0.000532,0.0,0.368,0.607,100.058,4WiiRw2PHMNQE0ad6y6GdD,224674,1
0.556,0.763,-3.952,0.0413,0.000728,6.79e-06,0.071,0.814,138.986,6jrMVRReY24qzCfe1BRrww,191400,1
0.576,0.486,-9.364,0.0406,0.0606,0.000143,0.093,0.337,141.951,3pLTOP0G0etiWUknFoRpsr,217987,3
0.451,0.931,-3.871,0.0719,0.00076,0.0049,0.361,0.172,122.961,5QldjuXcxplhjjUqLrzl6H,302840,3
0.763,0.807,-3.714,0.035,0.0714,0.28,0.348,0.559,103.038,0vaf64cpnqM7COUZZkoBig,229640,1
0.568,0.719,-5.406,0.0354,0.0892,1.84e-06,0.233,0.539,106.036,4prEPl61C8qZpeo3IkYSMl,174760,3
0.457,0.757,-5.177,0.032,0.0206,0.0,0.146,0.417,102.961,2ihCaVdNZmnHZWt0fvAM7B,266600,3
0.534,0.721,-7.307,0.0417,0.0343,6.24e-06,0.115,0.225,128.978,1UqhkbzB1kuFwt2iy4h29Q,249520,3
0.649,0.888,-4.807,0.0293,0.013,2.23e-06,0.0888,0.553,100.975,3b00LSFIRqnHvkoDEs5fkg,208467,1
0.44,0.778,-1.786,0.0327,0.0265,1.04e-06,0.151,0.304,148.038,4sebUbjqbcgDSwG6PbSGI0,229347,0
0.793,0.729,-4.77,0.0394,0.08,3.1e-05,0.317,0.488,121.972,0tICYNayWWhH9GPeFrfjfD,195547,1
0.611,0.797,-7.627,0.0533,0.00543,0.00137,0.26,0.518,120.041,2GiJYvgVaD2HtM8GqD9EgQ,218107,1
0.484,0.731,-6.694,0.0379,0.431,0.0,0.151,0.51,101.654,7yq4Qj7cqayVTp3FF9CWbm,204280,3
0.799,0.586,-6.735,0.0377,0.162,2.03e-06,0.193,0.549,120.97,5HuqzFfq2ulY1iBAW5CxLe,227833,6
0.542,0.589,-6.623,0.0318,0.292,0.000522,0.177,0.137,111.665,7w5cxTEzp1rfV3KCy0Bd5N,303200,3
0.69,0.578,-7.436,0.0929,0.167,0.0,0.305,0.416,99.961,3G6hD9B2ZHOsgf4WfNu7X1,193059,3
0.463,0.857,-3.063,0.0632,0.0506,0.0,0.184,0.856,111.647,7j31rVgGX9Q2blT92VBEA0,161920,1
0.217,0.905,-4.103,0.0752,0.000289,0.00011,0.222,0.236,96.95,5wQnmLuC1W7ATsArWACrgW,311107,3
0.63,0.605,-8.951,0.0414,0.484,9.29e-05,0.298,0.266,115.277,5iSEsR6NKjlC9SrIJkyL3k,295293,3
0.69,0.524,-8.39,0.103,0.0415,3.16e-06,0.17,0.562,164.023,4BHzQ9C00ceJxfG16AlNWb,223080,0
0.674,0.915,-3.999,0.0411,0.0282,0.00337,0.273,0.78,126.038,6M6Tk58pQvABy6ru66dY3d,191293,1
0.559,0.33,-8.251,0.0285,0.892,0.0,0.0975,0.285,135.109,4kflIGfjdZJW4ot2ioixTB,285040,4
0.721,0.339,-11.195,0.0532,0.409,0.00153,0.0973,0.2,129.83,7DfFc7a6Rwfi3YQMRbDMau,200747,4
0.699,0.601,-6.48,0.0304,0.0972,1.17e-05,0.562,0.434,98.04,6olUplztLFFfU7fMYmFXOP,252013,5
0.733,0.408,-7.834,0.0388,0.679,3.92e-05,0.11,0.291,94.947,4NYwy0R3NdvORX2B6OZXBT,197854,4
0.438,0.805,-6.237,0.0624,0.00255,5.69e-05,0.0842,0.564,113.253,2aoo2jlRnM3A0NyLQqMN2f,240800,3
0.461,0.734,-9.379,0.0374,0.00079,0.00554,0.22,0.423,120.55,6kZFIsYCBeuH0f1zGk1UoM,357933,3
0.249,0.834,-8.21,0.0577,0.0738,9.48e-05,0.0924,0.338,118.223,5EWPGh7jbTNO2wakv8LjUI,547107,3
0.736,0.449,-11.462,0.425,0.33,0.000162,0.0898,0.326,80.126,152lZdxL1OR0ZMW6KquMif,219080,8
0.226,0.408,-9.74,0.0432,0.161,0.131,0.187,0.142,91.341,5JuA3wlm0kn7IHfbeHV0i6,306387,3
0.898,0.283,-12.335,0.356,0.319,0.000383,0.11,0.469,138.97,0utlOiJy2weVl9WTkcEWHy,216520,8
0.885,0.581,-8.813,0.0378,0.427,0.000204,0.0759,0.728,114.016,6vECYJHxYmm3Ydt3fF01pE,313684,6
0.595,0.723,-8.256,0.0349,0.047,0.0286,0.0995,0.272,108.043,7BVwi9cIzSc6tpyxsp47vJ,223640,3
0.593,0.539,-5.946,0.0349,0.407,2.31e-06,0.286,0.577,91.98,2NtAwdkesWt1QkcMTe4IjN,222814,6
0.316,0.657,-5.561,0.0903,0.511,0.00016,0.25,0.413,77.871,2mk87j3RWPdzy0rWIoUP1o,221080,3
0.566,0.664,-5.303,0.0464,0.634,0.0,0.116,0.437,128.945,0IqKeD8ZSP72KbGYyzEcAs,241688,6
0.418,0.111,-14.848,0.0389,0.953,0.00342,0.0982,0.228,82.508,1ivHxaGL5ld9VS1zsYc4YN,240147,4
0.746,0.475,-11.243,0.113,0.0175,1.1e-05,0.197,0.292,80.006,3NxAG2ni1lLa8RKL6a0INc,241400,3
0.417,0.58,-4.574,0.207,0.0307,1.45e-06,0.179,0.139,68.58,4AtZRwSR8BOTTQg5ihSggt,246773,3
0.841,0.728,-3.37,0.0484,0.0847,0.0,0.149,0.43,130.049,6gBFPUFcJLzWGx4lenP6h2,243837,1
0.906,0.444,-8.692,0.384,0.136,6.44e-05,0.173,0.678,140.063,4gmmRb6bZJffOOiww1JGTO,235040,8
0.539,0.528,-8.113,0.252,0.0108,0.0,0.117,0.252,190.169,16Ah4QqH4mgYVXqfC4mdSd,228640,0
0.782,0.713,-6.576,0.0899,0.0619,0.00125,0.108,0.68,159.839,2c8sgbZoEanC3QyFNZxUcA,218947,1
0.786,0.583,-7.415,0.0393,0.0552,1.84e-06,0.326,0.229,120.024,2IGr3q6ljcpLvHDFLtI0yW,228000,3
0.794,0.632,-6.163,0.0649,0.142,0.0,0.128,0.355,145.926,6fujklziTHa8uoM5OQSfIo,291893,3
0.743,0.571,-6.054,0.145,0.24,0.0,0.291,0.495,119.054,0ESJlaM8CE1jRWaNtwSNj8,213863,6
0.749,0.865,-5.228,0.0413,0.00536,0.0,0.198,0.371,111.914,5SsR3wtCOafDmZgvIdRhSm,216013,3
0.916,0.571,-8.241,0.2,0.0173,1.11e-06,0.153,0.498,103.521,5TqBAOIBe0bQA0spNdcG3k,183695,8
0.928,0.481,-9.35,0.287,0.105,0.0,0.176,0.613,134.007,343YBumqHu19cGoGARUTsd,210937,8
0.806,0.558,-6.538,0.172,0.00496,1.45e-06,0.16,0.26,85.011,4ckuS4Nj4FZ7i3Def3Br8W,251333,3
0.573,0.63,-8.389,0.105,0.189,2.31e-05,0.259,0.218,77.525,4F7A0DXBrmUAkp32uenhZt,249213,3
0.671,0.672,-9.188,0.12,0.103,3.98e-05,0.074,0.186,117.96,5DSr1NMci58MEgS20vivSL,240680,3
0.657,0.421,-11.378,0.412,0.352,0.000218,0.187,0.181,174.063,6I6NX6tjGsxFAsIfGzY9lJ,264747,8
0.812,0.522,-5.287,0.257,0.0433,0.0,0.154,0.38,75.524,0Fv5N0cHBsl4bzCbollCAS,142907,8
0.415,0.369,-10.044,0.0741,0.0303,7.64e-06,0.383,0.0913,95.746,6yHkPtl6UQ7RjtJLBPzbJw,251423,3
0.765,0.688,-5.566,0.0841,0.633,0.0,0.0734,0.434,90.013,42CeaId2XNlxugDvyqHfDf,229573,6
0.577,0.522,-6.594,0.0984,0.13,9.03e-05,0.142,0.119,159.772,7wGoVu4Dady5GV0Sv4UIsx,218320,3
0.617,0.567,-4.188,0.0828,0.0584,0.0,0.0933,0.505,90.246,1CnPYaKxTVb4LWOtiGOm0m,217603,3
0.556,0.864,-5.87,0.0584,0.00958,0.0,0.209,0.4,105.143,60a0Rd6pjrkxjPbaKzXjfq,216880,3
0.496,0.863,-4.153,0.0381,0.0046,0.0,0.639,0.243,110.018,2nLtzopw4rPReszdYBJU6h,185587,5
0.31,0.7,-5.678,0.047,0.011,0.00965,0.0828,0.763,188.386,08mG3Y1vljYA6bvDt4Wqkj,255493,0
0.502,0.89,-5.175,0.0364,0.000147,0.0117,0.217,0.259,133.52,57bgtoPSgt236HzfBOd8kj,292880,3
0.549,0.853,-4.293,0.188,0.0285,0.000296,0.618,0.346,94.695,0WKYRFtH6KKbaNWjsxqm70,211493,5
0.843,0.806,-5.946,0.269,0.143,0.0,0.0771,0.613,94.948,0I3q5fE6wg7LIfHGngUTnV,270507,8
0.78,0.575,-7.247,0.273,0.43,0.0,0.143,0.773,84.492,2g8HN35AnVGIk7B8yMucww,252747,8
0.889,0.818,-4.639,0.253,0.47,0.0,0.179,0.782,96.063,5ByAIlEEnxYdvpnezg7HTX,302760,8
0.845,0.884,-4.506,0.0759,0.0128,2.1e-06,0.203,0.904,104.536,4INDiWSKvqSKDEu7mh8HFz,257400,1
0.799,0.623,-9.374,0.0812,0.0141,0.0,0.43,0.773,103.649,6uQKuonTU8VKBz5SHZuQXD,238800,1
0.67,0.619,-10.365,0.0323,0.0514,0.0,0.0492,0.807,108.826,3M5eeHXgG4VplKNcsBC8Dj,160500,6
0.639,0.548,-13.534,0.0394,0.29,9.68e-05,0.366,0.887,98.359,3b0EOvScbZUc0qJx0E1L2z,176333,6
0.414,0.404,-9.928,0.0499,0.271,0.0,0.3,0.224,71.105,1AhDOtG9vPSOmsWgNW0BEY,354320,3
0.537,0.606,-7.048,0.0347,0.0939,0.00559,0.11,0.582,128.73,7fqhrLJzKHJ0RW32N0y2Gp,242893,3
0.572,0.786,-8.469,0.0642,0.519,0.00093,0.11,0.952,188.115,6cb0HzFQPN4BGADOmSzPCw,174867,0
0.933,0.528,-6.472,0.161,0.112,0.312,0.163,0.754,109.967,5vdp5UmvTsnMEMESIF2Ym7,214653,1
0.66,0.816,-6.61,0.0299,0.168,0.0181,0.0608,0.678,111.346,4aWn4NHlELpOehxsBaQeoe,263040,1
0.497,0.849,-5.352,0.0612,0.00985,0.0,0.106,0.72,169.937,0LN0ASTtcGIbNTnjSHG6eO,261532,0
0.671,0.712,-7.815,0.0476,0.429,0.0,0.103,0.462,113.805,2fuCquhmrzHpu5xcA1ci9x,248440,6
0.38,0.76,-10.961,0.0378,0.00298,0.0294,0.104,0.491,99.437,24NwBd5vZ2CK8VOQVnqdxr,274133,3
0.377,0.681,-8.039,0.0298,0.00088,0.0023,0.0504,0.285,108.789,1QEEqeFIZktqIpPI4jSVSF,285133,3
0.634,0.862,-5.337,0.0376,0.0287,0.0,0.0217,0.767,95.989,1zWZvrk13cL8Sl3VLeG57F,227693,1
0.587,0.559,-7.742,0.0321,0.399,6.69e-06,0.0992,0.19,92.036,5aj0xPGiEUN3aI2oOYu14S,221173,3
0.421,0.476,-7.692,0.0298,0.268,0.0,0.0816,0.3,169.784,0p1BcEcYVO3uk4KDf3gzkY,228840,0
0.548,0.532,-7.596,0.0323,0.186,0.000263,0.217,0.405,85.03,3rq5w4bQGigXOfdN30ATJt,272394,3
0.691,0.631,-6.478,0.0368,0.0483,1.13e-05,0.104,0.8,92.004,48q0vSHcJdhK3IiXH8C5WJ,161124,1
0.324,0.416,-8.92,0.0368,0.262,3.69e-05,0.11,0.151,113.986,2nMeu6UenVvwUktBCpLMK9,236053,4
0.668,0.613,-4.225,0.102,0.414,0.0,0.102,0.498,99.852,6875MeXyCW0wLyT72Eetmo,181933,6
0.786,0.687,-5.914,0.141,0.00758,0.0,0.619,0.345,105.021,6cREm4bV7V79Yxdilx9HDo,215160,5
0.58,0.532,-5.668,0.0424,0.294,0.0,0.0948,0.39,112.049,6WAxKNbZoGNzQTIvdMqkFs,206400,3
0.469,0.68,-4.921,0.117,0.137,0.0,0.11,0.374,147.734,4TZy1wLyHec06pwgFYDh1a,208733,0
0.735,0.451,-8.374,0.0585,0.0631,1.3e-05,0.325,0.0862,117.973,3NdDpSvN911VPGivFlV5d0,245200,3
0.72,0.763,-4.068,0.0523,0.406,0.0,0.18,0.742,101.965,5knuzwU65gJK7IF5yJsuaW,251088,1
0.653,0.658,-6.428,0.0304,0.0215,1.66e-06,0.0939,0.219,99.99,72jbDTw1piOOj770jWNeaG,221507,3
0.683,0.675,-5.461,0.0292,0.0223,0.0187,0.101,0.6,111.008,2PtBhfoPZ6VYtXkrE5FrCH,186440,1
0.506,0.805,-4.119,0.0469,0.00711,0.00193,0.0856,0.383,126.008,46lFttIf5hnUZMGvjK0Wxo,227074,3
0.584,0.54,-7.786,0.0576,0.0895,0.0,0.261,0.195,137.972,3ebXMykcMXOcLeJ9xZ17XH,220883,3
0.779,0.787,-4.305,0.108,0.0524,0.0,0.14,0.708,124.982,0CcQNd8CINkwQfe1RDtGV6,204347,1
0.741,0.626,-4.826,0.0886,0.02,0.0,0.0828,0.706,108.029,2ZyuwVvV6Z3XJaXIFbspeE,188493,1
0.612,0.92,-2.88,0.0853,0.018,0.0,0.0646,0.437,139.979,2vW5tqS1EFel9yYOQ7WZmE,202173,0
0.703,0.747,-4.446,0.0895,0.283,0.0,0.396,0.7,149.974,3oEekS4xhmFQ88ieCVTZ7H,199320,1
0.745,0.356,-10.425,0.0941,0.172,0.00943,0.123,0.607,160.033,3kxfsdsCpFgN412fpnW85Y,326933,6
0.598,0.252,-15.086,0.0644,0.194,0.133,0.0992,0.0352,120.064,4S7YHmlWwfwArgd8LfSPud,238307,4
0.505,0.397,-9.349,0.324,0.716,0.0,0.0853,0.558,95.063,3eze1OsZ1rqeXkKStNfTmi,219683,8
0.487,0.369,-13.424,0.0406,0.736,3.75e-05,0.0925,0.106,183.114,5b9iBVhfYxDF4JJcHrNIx5,289307,4
0.825,0.435,-9.582,0.0568,0.452,0.609,0.0953,0.243,119.038,7hsLKGEnoiNShdIGL6ws1f,259102,7
0.944,0.511,-10.96,0.161,0.042,0.00107,0.0379,0.842,113.046,7uKcScNXuO3MWw6LowBjW1,203787,6
0.759,0.699,-5.745,0.0307,0.202,0.000131,0.443,0.907,92.96,3MjUtNVVq3C8Fn0MP3zhXa,211067,1
0.427,0.861,-4.874,0.376,0.219,0.0,0.277,0.581,161.776,3fyMH1t6UPeR5croea9PrR,257760,8
0.92,0.891,-2.398,0.253,0.0313,0.0,0.083,0.311,95.295,20LxTsa6936zOlzTWqoPVt,161600,8
0.581,0.827,-4.566,0.141,0.0101,0.0,0.0522,0.549,174.013,5i66xrvSh1MjjyDd6zcwgj,275987,0
0.874,0.632,-3.497,0.096,0.00486,2.65e-06,0.113,0.527,120.011,0vupCkmy497h49a74Xsxj1,272080,1
0.662,0.748,-3.041,0.268,0.688,8.43e-06,0.0841,0.535,82.331,00LfFm08VWeZwB0Zlm24AT,239027,8
0.41,0.0485,-13.918,0.038,0.947,0.0,0.108,0.247,137.97,6yIHGmQLJxWAUZ1ZkENemN,173175,4
0.53,0.346,-10.497,0.0376,0.697,1.07e-05,0.105,0.359,121.876,6vSwxzO2Qf4BinHSXRwZJe,241347,4
0.431,0.377,-9.753,0.0288,0.749,0.0,0.211,0.353,173.67,7cpCU3Denug5NGZsSpQl8v,213627,4
0.609,0.799,-6.883,0.24,0.33,0.0,0.108,0.582,157.74,2MYl0er3UZ1RlKwRb5LODh,215509,8
0.769,0.632,-4.228,0.0537,0.0325,0.0,0.116,0.294,131.932,4cg1yakyRSIOjxKM2I7J1q,176387,3
0.746,0.687,-7.475,0.382,0.155,0.0,0.137,0.283,143.931,6HfOzLLjsaXsehIFEsrxTk,188320,8
0.664,0.704,-6.859,0.0974,0.0233,0.0,0.112,0.633,147.067,0BU7nIcCZxYSE0hYcc5oZz,196336,1
0.72,0.791,-4.689,0.124,0.0384,0.0,0.157,0.756,102.071,6FE2iI43OZnszFLuLtvvmg,175427,1
0.359,0.649,-7.06,0.0349,0.107,0.0124,0.0555,0.133,111.709,5g7rJvWYVrloJZwKiShqlS,278373,3
0.794,0.811,-8.966,0.038,0.0426,1.07e-06,0.101,0.862,116.047,2Foc5Q5nqNiosCNqttzHof,248413,1
0.613,0.622,-5.794,0.0334,0.00882,0.0,0.37,0.484,80.003,2y4lAQpi5VTNLu2ldeTdUH,231240,3
0.621,0.82,-4.865,0.0367,0.332,0.0,0.104,0.452,144.905,6SKwQghsR8AISlxhcwyA9R,230192,0
0.399,0.787,-2.88,0.0499,0.0197,6.07e-05,0.0685,0.572,117.089,4VrWlk8IQxevMvERoX08iC,216120,3
0.653,0.73,-10.613,0.043,0.0114,1.03e-05,0.0754,0.894,108.705,5SZ6zX4rOrEQferfFC2MfP,220400,1
0.767,0.636,-7.876,0.0969,0.159,5.61e-05,0.0352,0.357,114.502,152ANCuCtaK7mkhyFubrRG,323240,3
0.481,0.262,-15.73,0.0414,0.735,0.0114,0.832,0.375,122.861,6mFkJmJqdDVQ1REhVfGgd1,334744,5
0.316,0.769,-5.283,0.0422,0.0142,0.0,0.0928,0.127,122.507,4o0NjemqhmsYLIMwlcosvW,321147,3
0.546,0.814,-5.146,0.0314,0.023,0.0,0.0972,0.146,104.98,3ZffCQKLFLUvYM59XKLbVm,285653,3
0.38,0.988,-2.042,0.0639,2.64e-05,7.86e-05,0.368,0.769,186.113,6nTiIhLmQ3FWhvrGafw2zj,176346,0
0.629,0.897,-3.401,0.0483,0.0424,0.0,0.263,0.93,161.944,3mcG2NI5G5vhrQtRda1YnA,168253,1
0.502,0.912,-4.556,0.0564,2.55e-05,0.000173,0.106,0.72,116.761,5ghIJDpPoe3CfHMGu71E6T,301920,1
0.5,0.824,-5.846,0.0388,0.00016,0.00161,0.0916,0.539,120.125,4P5KoWXOxwuobLmHXLMobV,218920,3
0.674,0.428,-9.504,0.122,0.121,0.0,0.132,0.337,84.878,2dLLR6qlu5UJ5gk0dKz0h3,190185,3
0.679,0.715,-6.383,0.0407,0.0755,0.0,0.271,0.571,127.435,3gbBpTdY8lnQwqxNCcf795,214148,1
0.773,0.414,-7.436,0.0961,0.00411,3.4e-05,0.0733,0.289,99.993,6jdOi5U5LBzQrc4c1VT983,227880,3
0.563,0.592,-4.571,0.0276,0.209,5.08e-05,0.132,0.136,104.016,11bD1JtSjlIgKgZG2134DZ,267933,3
0.514,0.858,-5.995,0.0896,0.0127,0.0528,0.251,0.6,89.833,46GGxd8TVRt6FjUBfCavVT,195199,1
0.494,0.946,-2.757,0.0637,0.00129,0.0,0.398,0.741,103.408,33iv3wnGMrrDugd7GBso1z,169027,1
0.801,0.795,-5.115,0.0504,0.0417,0.000113,0.0717,0.754,79.028,6QgjcU0zLnzq5OrUoSZ3OK,163253,1
0.442,0.943,-3.205,0.0602,0.00293,8.71e-06,0.091,0.781,85.064,6L89mwZXSOwYl76YXfX13s,181533,1
0.566,0.673,-10.814,0.306,0.565,1.13e-06,0.0438,0.583,114.385,4sFbojhVXQv7dBC9PVCcRn,377747,8
0.783,0.878,-3.864,0.0308,0.39,0.000778,0.0426,0.885,100.626,77oU2rjC5XbjQfNe3bD6so,265173,1
0.92,0.654,-3.051,0.0401,0.0236,0.0153,0.036,0.847,117.046,5ChkMS8OtdzJeqyybCc9R5,293827,1
0.577,0.447,-5.892,0.277,0.00627,0.00022,0.0899,0.189,74.236,6REbwUNlppTfcnV4d4ZoZi,247800,8
0.638,0.6,-5.84,0.0438,0.114,0.0,0.187,0.0399,101.981,2xbI8Vmyv3TkpTdywpPyNw,245604,3
0.587,0.711,-6.33,0.42,0.171,0.0,0.125,0.381,98.008,3muBQDekYAg7jm6hDu6R0Z,254694,8
0.461,0.293,-9.52,0.0555,0.947,9.95e-06,0.0936,0.531,180.297,6m9qPYXmhge2QhBLfFKnVF,257775,4
0.645,0.589,-6.131,0.0523,0.00396,0.0,0.145,0.35,131.899,4kgsK0fftHtg9gZOzkU5T2,215672,3
0.581,0.963,-4.087,0.0981,0.0295,0.0,0.139,0.788,129.992,3cHyrEgdyYRjgJKSOiOtcS,204160,1
0.327,0.71,-2.928,0.0547,0.202,9e-05,0.28,0.416,179.561,2Oehrcv4Kov0SuIgWyQY9e,175200,0
0.784,0.85,-3.679,0.0691,0.0492,0.0,0.112,0.567,110.004,5U8hKxSaDXB8cVeLFQjvwx,250189,1
0.866,0.606,-4.762,0.04,0.00381,6.5e-06,0.0861,0.838,119.991,0Rz1KXsP4bhGxs0ffySSSn,263827,1
0.507,0.923,-5.581,0.173,0.0818,4.63e-06,0.0951,0.768,99.252,4eLSCSELtKxZwXnFbNLXT5,189840,1
0.67,0.905,-2.385,0.0339,0.0625,0.000151,0.0577,0.516,100.021,5j9iuo3tMmQIfnEEQOOjxh,194240,1
0.612,0.807,-2.81,0.0336,0.0495,0.0177,0.101,0.398,124.053,2QjOHCTQ1Jl3zawyYOpxh6,240400,3
0.601,0.271,-8.688,0.0403,0.937,0.0,0.144,0.411,145.494,0B7wvvmu9EISAwZnOpjhNI,213827,4
0.712,0.838,-2.679,0.313,0.403,0.0,0.809,0.607,148.138,6sDQ4uiWw9OdVrCXFLSlZt,363521,5
0.778,0.547,-7.273,0.0489,0.346,0.000302,0.132,0.441,95.002,1mKXFLRA179hdOWQBwUk9e,242733,6
0.685,0.474,-9.105,0.0313,0.779,1.23e-06,0.149,0.36,79.991,1jdNcAD8Ir58RlsdGjJJdx,161227,4
0.574,0.512,-6.664,0.0503,0.234,0.0,0.0946,0.512,76.899,4rHZZAmHpZrA3iH5zx8frV,484147,3
0.781,0.526,-6.985,0.293,0.0619,0.0,0.0457,0.662,94.992,3AYcyxEACnmE6d96RPubID,235613,8
0.728,0.697,-4.125,0.0456,0.0556,0.0,0.282,0.87,143.986,5g7sDjBhZ4I3gcFIpkrLuI,233653,1
0.421,0.873,-4.343,0.0564,0.0654,0.0,0.123,0.629,84.786,7wMq5n8mYSKlQIGECKUgTX,202533,1
0.711,0.906,-2.671,0.0284,0.00952,1.64e-05,0.153,0.824,125.916,2U8NXPTXZWG2O0ye2sYRiH,157153,1
0.741,0.667,-5.445,0.134,0.0575,0.0,0.106,0.595,112.956,1louJpMmzEicAn7lzDalPW,223504,1
0.679,0.634,-5.024,0.0654,0.232,0.0,0.115,0.498,102.013,0dA2Mk56wEzDgegdC6R17g,210091,3
0.67,0.585,-4.861,0.0354,0.107,1.11e-06,0.131,0.447,110.03,7i2DJ88J7jQ8K7zqFX2fW8,214802,3
0.67,0.838,-4.031,0.0362,0.0604,0.000611,0.159,0.717,104.998,78rIJddV4X0HkNAInEcYde,222041,1
0.616,0.714,-7.792,0.0982,0.0162,1.23e-05,0.0817,0.24,128.924,0gbBzIqrECJOEPvQJIBFs5,234653,3
0.953,0.41,-6.543,0.0705,0.175,0.0,0.0768,0.718,121.074,1sCxVKWImDZSZKvG0U9B23,214648,6
0.68,0.693,-7.234,0.0435,0.445,0.0,0.208,0.851,114.948,36tghkPg1AO4HsAzo6YpPp,163880,6
0.664,0.573,-6.482,0.0276,0.603,0.000604,0.0915,0.589,76.371,6ZYS6QQxTLsQ6IFXdVx1r4,160107,6
0.662,0.507,-8.238,0.118,0.257,0.0,0.0465,0.676,86.412,68vgtRHr7iZHpzGpon6Jlo,223440,6
0.638,0.656,-5.886,0.0357,0.188,0.0,0.146,0.225,104.036,7wZUrN8oemZfsEd1CGkbXE,262467,3
0.71,0.799,-4.897,0.0328,0.22,0.000602,0.349,0.725,120.372,4y1LsJpmMti1PfRQV9AWWe,238267,1
0.815,0.438,-14.522,0.0346,0.216,0.000466,0.0787,0.552,108.965,2HHtWyy5CgaQbC7XSoOb0e,243773,6
0.534,0.887,-3.777,0.0345,0.0768,9.93e-05,0.325,0.72,122.494,0J6mQxEZnlRt9ymzFntA6z,249293,1
0.537,0.959,-3.002,0.0557,0.0704,1.8e-06,0.382,0.828,122.806,3KYiA4vq6RPO1dE2XROXd8,222707,1
0.572,0.835,-6.219,0.0317,0.171,0.000377,0.0702,0.795,129.981,7N3PAbqfTjSEU1edb2tY8j,241600,1
0.446,0.239,-13.945,0.0316,0.551,4.1e-06,0.0697,0.298,189.507,18AXbzPzBS8Y3AkgSxzJPb,336453,4
0.813,0.453,-6.941,0.338,0.0933,0.0,0.14,0.191,161.997,5nN8BwAQDJDguq7Dpd3JQQ,208027,8
0.874,0.568,-5.896,0.224,0.0698,1.38e-05,0.149,0.46,139.995,49zD0wr2S3d0lZPib0K4e1,237400,8
0.776,0.675,-6.224,0.266,0.00196,0.0,0.227,0.27,131.984,7jslhIiELQkgW9IHeYNOWE,217707,8
0.825,0.756,-3.687,0.383,0.265,2.15e-06,0.0762,0.888,172.938,12d5QFwzh60IIHlsSnAvps,177733,8
0.636,0.566,-7.16,0.106,0.365,0.000353,0.0917,0.425,151.894,6LxSe8YmdPxy095Ux6znaQ,235987,6
0.629,0.515,-10.358,0.265,0.0267,1.22e-05,0.0888,0.299,121.845,124NFj84ppZ5pAxTuVQYCQ,277387,8
0.444,0.627,-8.744,0.252,0.123,0.0,0.0795,0.359,98.21,0m1KYWlT6LhFRBDVq9UNx4,206627,8
0.765,0.356,-5.556,0.195,0.223,0.0,0.0963,0.189,96.991,3pXF1nA74528Edde4of9CC,198293,3
0.453,0.496,-5.785,0.0453,0.554,2.65e-05,0.0772,0.501,80.994,0fioLzGM8ngbD1w6fMmm45,239317,4
0.432,0.781,-4.038,0.0567,0.041,4.21e-06,0.0789,0.197,139.432,66hayvUbTotekKU3H4ta1f,250286,3
0.704,0.569,-4.998,0.247,0.0488,0.0,0.191,0.313,109.314,3rbNV2GI8Vtd8byhUtXZID,293533,8
0.775,0.621,-7.634,0.295,0.332,0.0,0.122,0.15,118.843,4E92bmgFiHxvy2SNjXjC3b,252040,8
0.579,0.268,-5.65,0.0442,0.868,0.0,0.12,0.321,205.903,5XzmZjXhMjDHr7ZfJ6DELQ,188238,4
0.725,0.534,-6.238,0.0946,0.0752,0.0,0.0919,0.558,91.974,14WWzenpaEgQZlqPq2nk4v,219320,1
0.592,0.403,-8.768,0.414,0.62,0.0,0.54,0.391,105.169,1eQBEelI2NCy7AUTerX0KS,320680,8
0.724,0.573,-4.113,0.0549,0.118,0.0,0.538,0.438,113.088,4KW1lqgSr8TKrvBII0Brf8,135920,5
0.465,0.735,-3.715,0.117,0.0711,0.0,0.0975,0.409,173.935,19a3JfW8BQwqHWUMbcqSx8,196040,0
0.895,0.681,-5.267,0.358,0.157,0.0,0.189,0.554,121.918,0wdKiSBUT7aZkXUIdJWcwC,240000,8
0.636,0.676,-3.442,0.0263,0.0807,0.0,0.0831,0.273,113.98,2tznHmp70DxMyr2XhWLOW0,208760,3
0.338,0.803,-5.412,0.0413,0.0187,0.0,0.136,0.4,151.994,4IoYz8XqqdowINzfRrFnhi,241853,0
0.705,0.78,-6.267,0.0805,0.456,0.00152,0.115,0.457,142.028,0qt5f5EL92o8Snzopsv0en,218228,6
0.655,0.632,-4.802,0.0489,0.0189,0.0,0.0722,0.447,120.113,3bnVBN67NBEzedqQuWrpP4,188493,3
0.645,0.713,-5.355,0.0393,0.00835,0.0,0.113,0.566,74.989,2Z8WuEywRWYTKe1NybPQEW,214507,1
0.766,0.519,-7.355,0.0366,0.098,0.0,0.0855,0.612,129.972,5cbpoIu3YjoOwbBDGUEp3P,267720,6
0.796,0.5,-7.21,0.425,0.118,0.0,0.155,0.227,75.012,1nX9KhK3Fff27SnrIor2Yb,255560,8
0.744,0.332,-11.315,0.0745,0.329,0.0,0.116,0.277,119.997,6KQEXfAdNQ85TabNo6mNIk,319973,6
0.607,0.673,-6.484,0.0611,0.181,0.0,0.069,0.215,88.952,5xdVqHtFS0eLuNp4Z8Wbpa,221280,3
0.563,0.496,-9.381,0.406,0.0685,5.8e-05,0.173,0.426,139.993,4qikXelSRKvoCqFcHLB2H2,329320,8
0.752,0.853,-5.222,0.0491,0.133,0.0,0.0238,0.859,104.003,2FviG1Ma0M0BSZbqaDvw0x,190240,1
0.457,0.948,-3.364,0.0354,0.0191,0.0,0.0536,0.878,148.0,0i5el041vd6nxrGEU8QRxy,208960,0
0.606,0.476,-6.577,0.032,0.138,0.0,0.112,0.197,146.052,5BbYPT6ehZf0hSv2su6JAl,225693,3
0.563,0.688,-4.474,0.0262,0.0763,0.0,0.0863,0.622,108.008,4ly1QBXEwYoDmje9rmEgC4,202347,1
0.477,0.776,-5.056,0.0349,0.0155,0.00314,0.203,0.429,131.004,71O1jD7bF3cdMPvPi186V6,276720,3
0.811,0.41,-8.214,0.0391,0.0365,6.63e-06,0.0799,0.626,103.965,43btz2xjMKpcmjkuRsvxyg,254493,6
0.8,0.585,-7.343,0.0924,0.264,0.0,0.153,0.779,126.058,6PGoSes0D9eUDeeAafB2As,213400,6
0.681,0.521,-5.849,0.141,0.12,8.41e-05,0.108,0.181,94.997,6TaqooOXAEcijL6G1AWS2K,229747,3
0.336,0.627,-7.463,0.0384,0.164,0.0,0.0708,0.35,150.273,0bYg9bo50gSsH3LtXe2SQn,241107,0
0.459,0.587,-6.983,0.0785,0.453,0.0,0.307,0.581,113.901,6OZh916QF8XNunWaP97WEZ,212424,6
0.62,0.574,-7.788,0.0479,0.569,0.0,0.19,0.357,100.023,5tz69p7tJuGPeMGwNTxYuV,250173,6
0.739,0.448,-10.28,0.138,0.189,0.0,0.118,0.553,81.044,248OFOZef6ShXv6DGgbnxU,206533,6
0.738,0.814,-4.414,0.0999,0.132,9.64e-06,0.126,0.483,119.041,3Ytr1SUCUi6J3L9dRFx5iH,225850,1
0.557,0.442,-7.224,0.0243,0.731,1.46e-05,0.11,0.213,146.277,75JFxkI2RXiU7L9VXzMkle,309600,4
0.486,0.617,-7.115,0.0287,0.0954,3.23e-06,0.109,0.417,138.015,1mea3bSkSGXuIRvnydlB5b,242373,3
0.731,0.794,-5.126,0.0522,0.0323,2.59e-05,0.112,0.356,139.994,0CokSRCu5hZgPxcZBaEzVE,220454,3
0.695,0.672,-6.109,0.0345,0.014,7.95e-05,0.0756,0.245,104.988,4qqArAiTPueDxIp7cf87h7,235827,3
0.492,0.81,-5.315,0.0847,0.0416,0.00379,0.117,0.245,149.954,1YLJVmuzeM2YSUkCCaTNUB,251840,0
0.632,0.575,-6.478,0.029,0.0225,1.81e-06,0.104,0.188,90.037,2CPqh63wRVscbceKcPxwvv,183414,3
0.52,0.761,-3.093,0.0853,0.256,4.96e-06,0.17,0.286,141.971,7vGuf3Y35N4wmASOKLUVVU,180823,0
0.276,0.715,-5.356,0.0432,0.00552,0.000417,0.201,0.173,137.028,5VGlqQANWDKJFl0MBG3sg2,230760,0
0.663,0.713,-6.647,0.112,0.0353,7.68e-06,0.0843,0.69,101.965,17Fd6Yb7mSbinKG8LoWfFl,197933,1
0.871,0.346,-9.481,0.0522,0.298,9.24e-06,0.108,0.659,110.054,2iXdwVdzA0KrI2Q0iZNJbX,207680,6
0.414,0.161,-22.32,0.0318,0.883,0.000223,0.117,0.423,159.375,5ihS6UUlyQAfmp48eSkxuQ,199493,4
0.548,0.65,-5.827,0.0591,0.219,0.0,0.225,0.557,144.937,3A7qX2QjDlPnazUsRk5y0M,194897,0
0.774,0.626,-4.432,0.0432,0.0969,3.12e-05,0.0848,0.777,100.041,4iLqG9SeJSnt0cSPICSjxv,211475,1
0.734,0.418,-6.678,0.0425,0.0129,0.0,0.0579,0.868,85.909,38yBBH2jacvDxrznF7h08J,188174,6
0.752,0.505,-7.621,0.253,0.535,2.55e-06,0.104,0.419,91.97,1wjzFQodRWrPcQ0AnYnvQ9,197437,8
0.636,0.727,-5.852,0.106,0.0161,1.12e-06,0.151,0.358,107.988,7yHEDfrJNd0zWOfXwydNH0,244453,3
0.736,0.795,-3.299,0.0545,0.498,1.21e-06,0.254,0.511,104.066,7tr2za8SQg2CI8EDgrdtNl,230813,1
0.526,0.712,-6.525,0.0356,0.0161,0.0,0.179,0.32,105.009,1eyzqe2QqGZUmfcPZtrIyt,241440,3
0.564,0.849,-3.516,0.0517,0.00868,4.68e-06,0.12,0.427,102.028,1OAiWI2oPmglaOiv9fdioU,212647,3
0.595,0.896,-2.951,0.047,0.0641,5.82e-05,0.0748,0.567,118.001,7rqyZM53JpYj86avtfmyeg,204812,1
0.893,0.745,-3.105,0.0571,0.0642,0.0,0.0943,0.872,101.018,5bcTCxgc7xVfSaMV3RuVke,223413,1
0.628,0.737,-4.437,0.041,0.0625,0.0,0.0777,0.592,91.507,1cOyWWUr3oXJIxY0AjJEx9,185194,1
0.638,0.924,-3.887,0.036,0.00205,0.000175,0.149,0.53,111.995,69uxyAqqPIsUyTO8txoP2M,263787,1
0.608,0.798,-5.092,0.0432,0.0736,0.0,0.156,0.501,92.943,6DNtNfH8hXkqOX1sjqmI7p,185352,3
0.892,0.714,-6.055,0.141,0.201,0.000234,0.0521,0.817,100.972,1AWQoqb9bSvzTjaLralEkT,267267,1
0.783,0.58,-6.548,0.0408,0.0114,2.28e-06,0.108,0.66,120.021,20I6sIOMTCkB6w7ryavxtO,193400,1
0.442,0.893,-4.878,0.0505,0.00844,0.0,0.529,0.712,148.119,12qZHAeOyTf93YAWvGDTat,168000,5
0.851,0.806,-4.62,0.0787,0.118,1.64e-06,0.121,0.787,118.999,1QV6tiMFM6fSOKOGLMHYYg,237200,1
0.712,0.862,-4.612,0.0378,0.0525,0.0,0.093,0.809,95.051,6ECp64rv50XVz93WvxXMGF,206200,1
0.747,0.716,-2.457,0.075,0.135,0.0,0.251,0.751,125.008,1oHNvJVbFkexQc0BpQp7Y4,210627,1
0.558,0.924,-4.341,0.064,0.0271,3.32e-06,0.537,0.567,151.99,7s0lDK7y3XLmI7tcsRAbW0,186827,5
0.751,0.736,-4.168,0.156,0.0206,0.0,0.265,0.352,130.014,7mitXLIMCflkhZiD34uEQI,262147,3
0.468,0.692,-4.015,0.0295,0.0202,2.39e-06,0.523,0.561,78.009,3omXshBamrREltcf24gYDC,200360,5
0.556,0.538,-5.408,0.0382,0.0689,0.0,0.196,0.291,143.95,75ZvA4QfFiZvzhj2xkaWAh,223347,3
0.83,0.585,-5.802,0.0366,0.225,0.00209,0.0576,0.642,105.03,5bgwqaRSS3M8WHWruHgSL5,228600,6
0.759,0.245,-6.545,0.138,0.515,0.000154,0.102,0.209,96.992,4cxMGhkinTocPSVVKWIw0d,237507,4
0.71,0.404,-10.04,0.379,0.484,0.0,0.0953,0.398,139.553,3pndPhlQWjuSoXhcIIdBjv,165853,8
0.768,0.517,-4.323,0.0312,0.186,3.8e-05,0.104,0.418,104.992,0ofbQMrRDsUaVKq2mGLEAb,216897,3
0.651,0.663,-5.569,0.0281,0.228,0.0,0.0994,0.465,102.0,4llK75pXNWZz6KAho2Gp16,259453,3
0.447,0.954,-8.069,0.0751,0.0235,0.403,0.298,0.331,123.453,0bVtevEgtDIeRjCJbK3Lmv,272027,7
0.559,0.868,-5.276,0.17,0.0475,0.000176,0.776,0.609,156.295,5T8EDUDqKcs6OSOwEsfqG7,209413,5
0.494,0.559,-5.445,0.0565,0.436,0.0,0.164,0.264,119.247,12REd1n8PeiHHWOh066tpr,233337,3
0.808,0.97,-6.098,0.0506,0.0569,6.13e-05,0.154,0.868,114.328,2gam98EZKrF9XuOkU13ApN,242293,1
0.452,0.574,-8.336,0.31,0.246,0.0,0.189,0.58,92.791,4SRqDmPxYX0pUb5B5ut2Ri,207187,8
0.73,0.552,-8.177,0.146,0.18,6.14e-05,0.224,0.613,168.091,4nthV2eZAXnt4yiJMocLkG,289173,6
0.749,0.605,-9.359,0.086,0.00186,0.0381,0.115,0.966,142.024,3pfXxHoydFRfD7IBGJTQAN,251733,1
0.727,0.974,-2.261,0.0664,0.103,0.000532,0.174,0.965,79.526,2PpruBYCo4H7WOBJ7Q2EwM,235213,1
0.55,0.917,-3.159,0.0638,0.00428,0.0,0.197,0.601,126.115,6TfBA04WJ3X1d1wXhaCFVT,177827,1
0.606,0.887,-4.404,0.0598,0.000242,0.0,0.337,0.903,119.974,5oQcOu1omDykbIPSdSQQNJ,193000,1
0.664,0.781,-6.547,0.0339,0.00103,5.33e-06,0.0867,0.593,110.0,1oTo3ijRbaDAtrjJrGAPSw,227240,1
0.718,0.691,-6.44,0.0387,0.0159,0.0,0.0627,0.552,100.008,6ihL9TjfRjadfEePzXXyVF,213107,1
0.569,0.83,-4.106,0.14,0.0807,0.0,0.114,0.609,170.094,4bPQs0PHn4xbipzdPfn6du,186635,0
0.69,0.416,-7.865,0.0335,0.617,1.37e-06,0.102,0.479,82.45,6ZOPiKQeibCn7fP8dncucL,230600,6
0.884,0.657,-4.569,0.0977,0.00589,0.0,0.154,0.489,107.059,0N3W5peJUQtI4eyR6GJT5O,234693,1
0.796,0.766,-5.974,0.238,0.0742,0.0,0.0827,0.558,110.034,3iVcZ5G6tvkXZkZKlMpIUs,219333,8
0.607,0.476,-11.076,0.249,0.0773,0.0,0.113,0.347,122.976,6F609ICg9Spjrw1epsAnpa,245227,8
0.676,0.615,-7.534,0.0496,0.0384,0.0,0.341,0.883,163.993,2NVt7fxr5GsqTkGwYXcNTE,176675,1
0.798,0.744,-5.328,0.136,0.33,0.000106,0.292,0.794,82.356,2qOm7ukLyHUXWyR4ZWLwxA,260000,1
0.807,0.887,-3.892,0.275,0.00381,0.0,0.391,0.78,160.517,1lItf5ZXJc1by9SbPeljFd,144244,8
0.697,0.691,-4.757,0.146,0.214,0.0,0.185,0.305,137.853,1PSBzsahR2AKwLJgx8ehBj,239293,3
0.748,0.733,-4.421,0.072,0.0062,0.0,0.329,0.291,93.019,3ESSGgWzRf1xvP7G5hHMhB,312240,3
0.62,0.69,-6.508,0.0493,0.0931,0.0,0.131,0.331,133.935,0H8XeaJunhvpBdBFIYi6Sh,234213,3
0.418,0.724,-3.724,0.0964,0.213,0.0,0.112,0.604,78.521,0PJIbOdMs3bd5AT8liULMQ,238320,3
0.63,0.5,-8.755,0.0611,0.611,4.04e-05,0.114,0.315,144.871,6y6jbcPG4Yn3Du4moXaenr,245172,4
0.748,0.705,-4.547,0.485,0.204,0.0,0.246,0.483,189.891,1EaKU4dMbesXXd3BrLCtYG,208733,8
0.658,0.535,-8.983,0.0573,0.0265,0.0,0.2,0.419,110.684,6SwRhMLwNqEi6alNPVG00n,227360,3
0.672,0.764,-5.109,0.142,0.141,0.00358,0.185,0.763,88.867,7Kq16WtEJzdRSNQgdXsn7Y,192160,1
0.753,0.76,-4.518,0.0859,0.446,3.13e-05,0.182,0.657,91.953,0lMbuWUpfTWhEmOKxppEau,272653,1
0.763,0.598,-6.865,0.0539,0.0714,0.0,0.112,0.182,140.987,1yxgsra98r3qAtxqiGZPiX,190678,3
0.517,0.705,-8.205,0.364,0.0751,0.0,0.128,0.584,175.906,6Ius4TC0L3cN74HT7ENE6e,239320,8
0.388,0.66,-7.372,0.0308,0.312,0.000307,0.0943,0.401,143.554,6Fha6tXHkL3r9m9nNqQG8p,230507,0
0.472,0.844,-6.578,0.054,0.00173,0.0,0.24,0.34,140.034,3e0yTP5trHBBVvV32jwXqF,321280,0
0.566,0.755,-5.526,0.0368,0.0338,0.0,0.315,0.445,101.006,4Sfa7hdVkqlM8UW5LsSY3F,264493,3
0.579,0.865,-4.692,0.0302,5.63e-05,0.000221,0.649,0.358,104.99,25nzKGDiua1lE9Qo5V19GL,246600,5
0.545,0.968,-3.553,0.0853,0.0387,0.00325,0.331,0.527,169.965,2AYEOC02WLhUiOoaig2SEH,209386,0
0.615,0.658,-7.299,0.0343,0.096,0.000911,0.205,0.293,150.093,3n69hLUdIsSa1WlRmjMZlW,227080,3
0.596,0.73,-4.091,0.151,0.24,0.0,0.325,0.525,85.979,285HeuLxsngjFn4GGegGNm,192560,1
0.689,0.481,-7.503,0.0815,0.369,1.03e-06,0.0649,0.283,80.025,6IcrwGdIvRsrImOnoYfG9Z,229526,3
0.407,0.725,-5.346,0.188,0.0141,2.46e-06,0.306,0.247,196.093,1sNSG13fsK6KPKKNIQXXrh,247267,0
0.949,0.661,-4.244,0.0572,0.0302,0.0,0.0454,0.76,104.504,3yfqSUWxFvZELEM4PmlwIR,284200,1
0.683,0.481,-9.188,0.0967,0.189,0.778,0.0907,0.493,119.995,7avUYFehb1GscgCncPdBDK,160000,7
0.927,0.367,-7.797,0.382,0.325,0.0,0.132,0.576,99.053,1ACZpHI5vZ5Ea4xGlkdGWM,328667,8
0.967,0.583,-5.562,0.0789,0.0584,0.0,0.0519,0.964,117.0,0O45fw2L5vsWpdsOdXwNAR,242733,1
0.746,0.744,-7.363,0.0479,0.00418,0.406,0.075,0.338,115.03,4auZhbHhgbiSMeh0kiHCRk,262957,7
0.735,0.686,-7.562,0.0366,0.00108,0.874,0.0933,0.0656,121.011,62N2JSA0jHmSH7Va9t7hIf,258933,7
0.69,0.857,-5.613,0.0405,0.0557,0.11,0.0341,0.409,136.99,6zpCJDhdpHPZCcFCJZDqX5,213340,3
0.662,0.586,-8.821,0.0307,0.097,0.00272,0.115,0.296,90.0,2rizacJSyD9S1IQUxUxnsK,194080,3
0.684,0.607,-8.127,0.1,0.0267,0.000307,0.191,0.498,81.001,0JXXNGljqupsJaZsgSbMZV,195373,3
0.719,0.798,-4.582,0.0361,0.0162,2.34e-06,0.134,0.591,120.011,235LXPXfi0SmOaS9TaCh3c,227741,1
0.467,0.988,-3.313,0.112,0.000152,0.0484,0.28,0.321,130.433,70wYA8oYHoMzhRRkARoMhU,220427,0
0.457,0.906,-2.278,0.342,0.249,0.0,0.182,0.54,104.02,31Q9ZTF9x81BDonlObCbvP,357707,8
0.681,0.594,-7.028,0.282,0.165,3.49e-06,0.134,0.535,186.054,5aAx2yezTd8zXrkmtKl66Z,230453,8
0.705,0.453,-8.174,0.196,0.257,0.0,0.143,0.283,124.942,1Uq3IOIy1CUlHUgP6vWpum,226494,8
0.806,0.608,-7.008,0.0659,0.0113,0.0,0.635,0.849,95.049,6gTJaPuj8DT8RjuDJyBgzP,219840,5
0.925,0.737,-1.292,0.0777,0.092,0.0,0.169,0.603,133.946,0Zh5U48tZNeAzzLTV1CVBE,222240,1
0.854,0.71,-6.32,0.0793,0.0113,8.72e-05,0.166,0.818,106.894,3TZwjdclvWt7iPJUnMpgcs,214947,1
0.624,0.976,-5.355,0.0494,0.004,1.18e-05,0.376,0.514,142.008,6MjljecHzHelUDismyKkba,199120,0
0.756,0.632,-8.441,0.164,0.000165,0.000886,0.0963,0.505,99.009,3U3Ff8ZvL6oEu1r98gCCWW,246960,1
0.918,0.918,-2.218,0.0954,0.344,5.35e-06,0.0243,0.882,110.024,6RcQOut9fWL6FSqeIr5M1r,199907,1
0.669,0.822,-4.288,0.043,0.0339,0.000142,0.231,0.43,120.011,3H1LCvO3fVsK2HPguhbml0,277107,3
0.688,0.556,-7.738,0.264,0.7,1.87e-06,0.108,0.416,129.336,08zJpaUQVi9FrKv2e32Bah,240320,8
0.854,0.954,-1.185,0.246,0.543,0.0,0.201,0.67,114.609,4hEl2wrneFEJbJ6SDYWd2f,248133,8
0.376,0.841,-4.348,0.356,0.0435,0.0,0.578,0.463,76.052,1kMuU3TNQvHbqvXCWBodmP,271947,5
0.531,0.803,-3.284,0.0717,0.0796,1.71e-05,0.176,0.221,142.113,22L7bfCiAkJo5xGSQgmiIO,299613,3
0.89,0.633,-5.475,0.168,0.0232,0.000343,0.0993,0.425,139.948,1XRgIKC5TPwo7nWGyKqgG0,233087,1
0.845,0.506,-5.971,0.0409,0.0228,1.03e-06,0.0879,0.647,99.051,7kqcudBGM74MXVoYMaoWkC,264947,1
0.845,0.601,-5.283,0.161,0.0205,0.0,0.385,0.329,74.008,2IpGdrWvIZipmaxo1YRxw5,242013,3
0.64,0.635,-7.565,0.226,0.271,0.0,0.319,0.475,100.034,5masKPHeAOVNgxdLebIcK7,223187,8
0.375,0.322,-14.38,0.03,0.941,0.537,0.119,0.155,147.961,1XQnZTR0ER8y5fGO17uX1R,336613,2
0.708,0.47,-7.59,0.0659,0.248,0.0,0.0852,0.536,82.007,39afswHs17v53znQm1gDTY,229413,6
0.66,0.666,-4.342,0.0472,0.0759,0.0,0.0268,0.933,89.975,1HwpWwa6bnqqRhK8agG4RS,214227,1
0.509,0.987,-3.198,0.0886,8.05e-05,0.000928,0.119,0.647,138.039,7HGTkn2aX7MNdKs7nV2xBt,197160,0
0.487,0.9,-4.417,0.0482,6.79e-05,0.0,0.358,0.484,149.937,4omisSlTk6Dsq2iQD7MA07,204000,0
0.608,0.768,-5.227,0.0475,0.0913,0.0,0.0629,0.809,88.059,5qII2n90lVdPDcgXEEVHNy,244880,1
0.656,0.291,-10.572,0.0293,0.872,0.0,0.114,0.298,103.971,4RCWB3V8V0dignt99LZ8vH,232533,4
0.543,0.39,-7.202,0.0322,0.489,0.0,0.111,0.303,73.415,0jdny0dhgjUwoIp5GkqEaA,230267,4
0.755,0.832,-2.741,0.116,0.0746,1.27e-06,0.291,0.735,120.032,5OMwQFBcte0aWFJFqrr5oj,199693,1
0.768,0.864,-6.145,0.0324,0.101,0.0,0.162,0.891,110.008,1Je1IMUlBXcx1Fz0WE7oPT,173027,1
0.339,0.707,-5.121,0.0428,0.0113,0.0,0.337,0.359,173.993,6Xs7OKt6i0Ddq8B4M5Dgvr,183808,0
0.378,0.638,-5.576,0.075,0.02,7.66e-05,0.0849,0.735,184.086,5rgy6ghBq1eRApCkeUdJXf,250627,0
0.314,0.555,-9.601,0.37,0.157,0.000108,0.067,0.159,179.666,5hYTyyh2odQKphUbMqc5gN,175517,8
0.559,0.845,-3.871,0.0379,0.222,0.0,0.164,0.304,94.915,5y69gQtK33qxb8a24ACkCy,237493,3
0.906,0.583,-7.721,0.317,0.0569,0.0,0.126,0.829,129.056,1D066zixBwqFYqBhKgdPzp,292373,8
0.262,0.606,-6.646,0.0484,0.247,0.0,0.125,0.275,189.857,3zHq9ouUJQFQRf3cm1rRLu,252534,0
0.706,0.8,-6.333,0.0399,0.00584,0.0,0.0822,0.629,100.011,7hhAwcMTdCHxuYkCHCfzw7,259333,1
0.621,0.31,-10.164,0.0283,0.945,6.12e-05,0.117,0.125,111.893,4zzzZ1UNfr75ASG1lUE9L1,240707,4
0.513,0.661,-6.8,0.0439,0.0274,0.0,0.118,0.461,180.118,1mr3616BzLdhXfJmLmRsO8,228347,0
0.652,0.812,-3.797,0.0409,0.00125,3.01e-05,0.667,0.72,126.023,3oHNJECGN3bBoGXejlw2b1,230733,5
0.929,0.723,-5.792,0.109,0.0672,0.0,0.346,0.458,125.022,2771LMNxwf62FTAdpJMQfM,223962,1
0.593,0.392,-6.872,0.0257,0.382,0.000114,0.131,0.25,75.065,1snNAXmmPXCn0dkF9DaPWw,282813,3
0.703,0.813,-4.517,0.0574,0.0884,0.0,0.219,0.717,124.904,30VrBsh1STRBoIrhQOAwzK,238573,1
0.749,0.398,-7.44,0.171,0.648,1.26e-06,0.115,0.0859,80.032,05nbZ1xxVNwUTcGwLbp7CN,226040,4
0.703,0.757,-3.612,0.05,0.617,0.0,0.106,0.696,82.008,2eAZfqOm4EnOF9VvN50Tyc,221747,1
0.936,0.523,-6.71,0.0597,0.239,0.0,0.117,0.699,119.889,43ZyHQITOjhciSUUNPVRHc,124056,6
0.842,0.597,-6.336,0.0627,0.00252,0.0,0.124,0.298,145.992,25oOaleife6E2MIKmFkPvg,215307,3
0.443,0.369,-9.514,0.0441,0.969,0.277,0.638,0.0989,174.107,6mORGLOz79w6VsCRLWYYuK,208212,4
0.829,0.428,-9.469,0.0831,0.056,0.00413,0.137,0.45,148.075,4P7VFiaZb3xrXoqGwZXC3J,299333,6
0.87,0.464,-8.337,0.178,0.205,0.0,0.0902,0.457,112.974,7aXuop4Qambx5Oi3ynsKQr,251989,6
0.464,0.771,-4.503,0.336,0.0235,0.0,0.063,0.69,158.777,27PmvZoffODNFW2p7ehZTQ,198237,8
0.779,0.472,-7.116,0.218,0.0577,0.0,0.114,0.412,135.051,0PT7nlpo11hYYyfnBgtilT,142212,8
0.79,0.647,-5.983,0.136,0.0515,0.0,0.248,0.654,87.999,53gcDgFyqqpvCzXWrnFZpH,211000,1
0.79,0.585,-6.058,0.0348,0.185,0.0,0.292,0.585,94.072,3G7XYAwtxtoGK7fAm4IlD9,226000,1
0.679,0.522,-5.603,0.0427,0.297,0.0,0.151,0.445,60.014,4NpDZPwSXmL0cCTaJuVrCw,226507,3
0.704,0.633,-6.923,0.241,0.0214,0.0,0.29,0.863,144.021,3m660poUr1chesgkkjQM7P,203760,8
0.502,0.786,-4.378,0.317,0.255,0.0,0.65,0.739,169.021,4dASQiO1Eoo3RJvt74FtXB,243491,5
0.648,0.738,-5.883,0.247,0.0408,0.0,0.292,0.603,159.145,4pLwZjInHj3SimIyN9SnOz,226160,8
0.667,0.613,-5.353,0.0344,0.403,0.0,0.115,0.47,91.024,6vSforRhuzsA0D0SO9fG1S,194453,6
0.804,0.648,-7.805,0.117,0.0573,3.49e-05,0.102,0.392,117.983,11KJSRSgaDxqydKYiD2Jew,263373,3
0.699,0.883,-3.226,0.219,0.0288,0.0,0.817,0.499,127.961,3MOECVkNshqHYTPt5DZcdN,211975,5
0.736,0.761,-5.449,0.0338,0.0966,0.0,0.0823,0.114,119.999,7cgu4JBW3hq1GwTM1ilkKQ,238427,3
0.782,0.685,-6.237,0.0309,0.166,1.18e-05,0.16,0.603,118.016,7vFoFDWqTX0mHzLfrF1Cfy,180566,1
0.738,0.868,-4.373,0.0731,0.0392,0.00169,0.388,0.336,122.003,22mek4IiqubGD9ctzxc69s,212640,3
0.571,0.612,-9.851,0.045,0.229,0.0,0.127,0.0812,133.995,5SqSckut3FcoQKmGkMWgp1,249040,3
0.628,0.698,-5.608,0.105,0.0472,0.00143,0.0907,0.732,89.976,27SdWb2rFzO6GWiYDBTD9j,211667,1
0.746,0.877,-3.782,0.0666,0.0375,0.000833,0.233,0.751,107.985,0L7loeTIg6akW84aEQZpCT,166138,1
0.51,0.692,-5.825,0.171,0.00451,0.0,0.138,0.209,102.42,5DA77EqppDmCTWGovd4oTP,228361,3
0.631,0.927,-2.787,0.0332,0.199,0.119,0.148,0.465,123.962,0azC730Exh71aQlOt9Zj3y,222160,1
0.589,0.651,-5.097,0.0306,0.0291,3.2e-06,0.111,0.166,90.011,7gHs73wELdeycvS48JfIos,212627,3
0.624,0.803,-4.105,0.246,0.123,0.0,0.114,0.821,166.018,4Hf7WnR761jpxPr5D46Bcd,187973,0
0.683,0.708,-6.244,0.0305,0.0398,0.155,0.686,0.355,92.991,2XMTqoHHSH0lvuXrvIEdco,237707,5
0.775,0.617,-6.166,0.0701,0.341,0.0,0.0985,0.485,100.048,2QbFClFyhMMtiurUjuQlAe,214265,6
0.581,0.0549,-20.514,0.0397,0.559,0.0,0.0718,0.234,152.037,3B7udSGy2PfgoCniMSb523,300840,4
0.572,0.912,-4.875,0.0707,0.00155,1.2e-06,0.102,0.606,156.073,3yZQk5PC52CCmT4ZaTIKvv,187187,0
0.635,0.914,-5.631,0.111,0.0597,0.0,0.601,0.922,156.014,5c5a2Ptu8eyIpljhQHjIqk,175493,5
0.517,0.206,-12.233,0.0421,0.924,0.0,0.118,0.489,80.401,3kZC0ZmFWrEHdUCmUqlvgZ,189187,4
0.818,0.705,-6.679,0.177,0.00836,0.00233,0.613,0.772,138.559,0d28khcov6AiegSCpG5TuT,222640,5
0.697,0.877,-4.465,0.0462,0.462,0.00943,0.083,0.802,101.99,4iEOVEULZRvmzYSZY2ViKN,173631,1
0.64,0.755,-4.077,0.0287,0.0138,0.0208,0.12,0.744,116.883,4g3Ax56IslQkI6XVfYKVc5,216319,1
0.589,0.658,-5.288,0.203,0.0242,0.0,0.118,0.251,77.521,0hy1SOTEn9ifXTzOwnCwEr,223973,3
0.681,0.372,-8.237,0.0432,0.64,0.0,0.169,0.476,91.873,1mXVgsBdtIVeCLJnSnmtdV,201000,6
0.888,0.816,-4.909,0.0404,0.233,0.00042,0.127,0.961,127.276,5lA3pwMkBdd24StM90QrNR,238733,1
0.543,0.87,-6.514,0.0428,0.358,0.000939,0.792,0.754,100.804,01iyCAUm8EvOFqVWYJ3dVX,230400,5
0.774,0.838,-3.914,0.114,0.0249,0.025,0.242,0.924,143.04,6I9VzXrHxO9rA9A5euc8Ak,198800,1
0.624,0.953,-2.602,0.104,0.113,0.000128,0.657,0.729,149.992,34Jeq8ktRzyOW1uw40InVy,211573,5
0.776,0.867,-3.704,0.0479,0.0495,7.92e-06,0.197,0.918,138.827,1OOtq8tRnDM8kG2gqUPjAj,258040,1
0.429,0.661,-7.227,0.0281,0.00239,0.000121,0.234,0.285,173.372,3AJwUDP919kvQ9QcozQPxg,266773,0
0.627,0.699,-4.504,0.0244,0.174,0.0,0.0789,0.535,94.003,1a1i2IwXnUN0PjllVEhA4B,261427,3
0.625,0.576,-5.693,0.175,0.0543,4.07e-05,0.187,0.235,179.063,5hJFhO9dvhJoDvUZZ9iWSw,193147,0
0.747,0.705,-5.137,0.126,0.0128,0.0,0.126,0.56,136.024,02M6vucOvmRfMxTXDUwRXu,213507,1
0.516,0.595,-4.63,0.0313,0.0275,0.0,0.109,0.222,119.972,5Ohxk2dO5COHF1krpoPigN,340707,3
0.673,0.637,-4.518,0.0429,0.137,0.0,0.184,0.678,123.98,3E2Zh20GDCR9B1EYjfXWyv,201160,1
0.573,0.739,-5.74,0.129,0.0285,0.0,0.111,0.451,97.085,0prNGof3XqfTvNDxHonvdK,230227,3
0.729,0.65,-3.539,0.0313,0.0702,6.69e-05,0.0829,0.347,110.02,14OxJlLdcHNpgsm4DRwDOB,209160,3
0.845,0.534,-8.722,0.0385,0.00108,1.18e-05,0.0689,0.726,104.972,0pn6qyOJYNwP9nhGg3L7dV,189907,6
0.596,0.856,-3.556,0.0346,0.0211,0.0178,0.141,0.743,127.949,6YUTL4dYpB9xZO5qExPf05,222533,1
0.717,0.862,-4.736,0.054,0.00689,0.0,0.321,0.52,130.021,1ULa3GfdMKs0MfRpm6xVlu,224933,1
0.781,0.728,-4.981,0.0621,0.0509,1.94e-06,0.257,0.395,102.99,5lnsCyEKWofnC00U4Ax0ti,219306,3
0.733,0.676,-5.655,0.0432,0.0697,0.0,0.208,0.701,97.448,0fgZUSa7D7aVvv3GfO0A1n,226581,1
0.638,0.816,-5.503,0.0308,0.00149,0.00115,0.195,0.386,112.014,2CAK2t1reUgPK6OMgAMURB,190014,3
0.762,0.7,-6.021,0.0694,0.00261,1.56e-05,0.153,0.608,116.073,2ekn2ttSfGqwhhate0LSR0,209320,1
0.509,0.637,-4.83,0.0471,0.0717,1.08e-05,0.0789,0.378,172.006,2aksifNn5ph8igDOkPBA02,224000,0
0.795,0.594,-6.2,0.0748,0.112,0.0,0.162,0.409,135.002,0q75NwOoFiARAVp4EXU4Bs,275080,3
0.844,0.659,-5.587,0.0626,0.0376,8.07e-05,0.0523,0.54,122.683,62LHRv9uwSNlBmByQF5jdE,267080,1
0.649,0.552,-5.419,0.0292,0.03,6.47e-06,0.111,0.158,89.969,0JEqGkvUiMTQmFY6sgL9kg,253813,3
0.881,0.774,-6.068,0.0439,0.00986,0.0346,0.206,0.759,112.968,2cMTIlktg3M9mXYqCPqw1J,182627,1
0.802,0.682,-5.924,0.222,0.111,1.39e-05,0.109,0.586,123.95,2WNVqZq1ujhMDlOAqBFkVv,326960,8
0.721,0.867,-4.302,0.196,0.29,2.87e-06,0.503,0.639,127.033,7gKIt3rDGIMJDFVSPBnGmj,200013,5
0.863,0.609,-5.231,0.0564,0.000349,3.97e-06,0.129,0.326,140.02,1XHjU0TGIgl5lMFKAF25Y3,252520,3
0.869,0.712,-6.136,0.103,0.0715,0.0,0.272,0.435,120.0,7eaKWfov7b2Qa2n6HTesL3,275867,1
0.964,0.605,-6.223,0.179,0.0668,7.78e-06,0.214,0.646,129.994,5eqiMMbaeUZ32Q7sS00H35,260240,1
0.551,0.851,-3.277,0.197,0.0748,0.0,0.0784,0.1,171.411,6yr8GiTHWvFfi4o6Q5ebdT,297893,0
0.805,0.858,-3.067,0.105,0.194,7.89e-06,0.256,0.523,97.033,6HTJZ0TQJVMSKkUGzAOe2h,321649,1
0.707,0.924,-2.842,0.031,0.000988,0.00731,0.204,0.919,127.937,7EOYLyD4pP4YJVgoVeKUQ1,206413,1
0.822,0.502,-7.38,0.148,0.0312,0.000887,0.114,0.525,73.003,6H0AwSQ20mo62jGlPGB8S6,210200,6
0.687,0.631,-5.612,0.129,0.063,0.0,0.108,0.853,186.071,6XkuklKiHYVTlVvWlTgQYP,192253,0
0.279,0.742,-6.46,0.0898,0.000185,0.0,0.593,0.328,189.868,16pwlVsypm4aDKMhXdOuXg,231013,0
0.752,0.775,-7.289,0.0546,0.0324,0.0,0.351,0.595,122.014,4MflGTO2ZTcSQ12bWcyRgI,199263,1
0.742,0.713,-5.522,0.0303,0.0205,0.0,0.059,0.879,120.032,4gbVRS8gloEluzf0GzDOFc,189960,1
0.476,0.207,-8.814,0.0342,0.708,0.000154,0.0821,0.162,136.508,1t2tKmSYA61IA7scT1yoIn,284000,4
0.7,0.554,-5.909,0.187,0.219,1.36e-06,0.419,0.0633,97.127,6bxUnsSGZCmoHHU5auwtps,235187,3
0.421,0.791,-4.998,0.0496,0.0117,1.48e-05,0.146,0.499,130.075,6kwAbEjseqBob48jCus7Sz,257200,0
0.675,0.608,-10.088,0.0321,0.741,8.73e-05,0.217,0.583,127.451,5WObuDOxPHlQaoYUf2W4lh,110560,6
0.851,0.551,-5.177,0.0396,0.151,0.0,0.0827,0.807,131.922,67iAlVNDDdddxqSD2EZhFs,219467,1
0.586,0.128,-9.297,0.0496,0.963,0.0,0.0858,0.371,123.498,0zMzyHAeMvwq5CRstru1Fp,276067,4
0.635,0.841,-5.379,0.0422,0.0134,0.0,0.0622,0.424,109.021,7BqBn9nzAq8spo5e7cZ0dJ,220734,3
0.773,0.758,-4.993,0.0381,0.0422,0.0,0.305,0.925,144.033,6RtPijgfPKROxEzTHNRiDp,224840,1
0.532,0.767,-5.509,0.0574,0.00287,0.000513,0.39,0.755,127.361,2SiXAy7TuUkycRVbbWDEpo,210173,1
0.49,0.485,-6.237,0.0406,0.0592,0.0,0.337,0.196,133.889,04DwTuZ2VBdJCCC5TROn7L,195840,3
0.77,0.664,-5.604,0.211,0.215,0.000118,0.105,0.472,140.163,4PWY72AubTjoZrohQt0pWn,321987,8
0.699,0.524,-7.522,0.051,0.412,0.0,0.0844,0.31,114.922,1CI6YgwwNq3VfhgxPuEpE6,289133,3
0.333,0.927,-8.55,0.0733,0.0029,0.000208,0.297,0.385,141.466,5QTxFnGygVM4jFQiBovmRo,308120,0
0.801,0.727,-4.687,0.0606,0.0864,0.00406,0.112,0.218,107.371,5EnYT6F7wEcdege6mDHEfO,234373,3
0.787,0.635,-8.271,0.155,0.0253,0.0,0.357,0.237,130.018,5NFYuqu8V6QXc6mzcLImd6,209413,3
0.834,0.433,-9.607,0.174,0.0258,0.0,0.633,0.229,133.938,433P7tDcIAi6NLnf4Sh6tI,189853,5
0.794,0.522,-7.829,0.159,0.0328,0.0,0.156,0.567,86.318,6V2D8Lls36APk0THDjBDfE,174133,1
0.779,0.572,-9.985,0.378,0.157,0.0,0.246,0.647,135.956,1zCi4cVFqe6ja16MeGZKRN,300160,8
0.332,0.635,-5.653,0.0898,0.159,2.79e-06,0.0599,0.261,186.249,6KI1ZpZWYAJLvmVhCJz65G,201493,0
0.843,0.435,-8.442,0.178,0.47,0.0,0.147,0.19,120.058,6GnhWMhgJb7uyiiPEiEkDA,208080,6
0.394,0.661,-8.684,0.192,0.00996,0.0,0.343,0.335,149.818,2N3U8uTYhjX2KwGT0pf5x0,260987,0
0.718,0.679,-5.899,0.0706,0.00191,0.0104,0.385,0.205,157.97,6BbINUfGabVyiNFJpQXn3x,173347,0
0.871,0.44,-6.25,0.0761,0.499,4.15e-06,0.114,0.799,137.996,5FEXPoPnzueFJQCPRIrC3c,221267,6
0.654,0.75,-7.509,0.105,0.246,0.0178,0.167,0.557,92.78,3Osd3Yf8K73aj4ySn6LrvK,272507,1
0.885,0.94,-5.908,0.0913,0.161,0.0,0.0675,0.773,110.005,7cGFbx7MP0H23iHZTZpqMM,162347,1
0.89,0.393,-10.821,0.267,0.331,8.81e-06,0.283,0.304,128.084,16qYlQ6koFxYVbiJbGHblz,301133,8
0.64,0.663,-7.516,0.0374,0.201,0.00806,0.152,0.663,132.77,4BP3uh0hFLFRb5cjsgLqDh,140773,1
0.564,0.714,-4.987,0.129,0.0549,0.0,0.155,0.33,175.924,37f4ITSlgPX81ad2EvmVQr,204013,0
0.61,0.788,-5.724,0.0585,0.195,0.0142,0.153,0.472,101.045,5hc71nKsUgtwQ3z52KEKQk,347520,3
0.669,0.616,-10.776,0.033,0.482,0.0,0.179,0.818,130.037,2H3ZUSE54pST4ubRd5FzFR,151667,6
0.662,0.693,-4.298,0.0698,0.134,0.0,0.145,0.655,86.009,1CdkNxTlkUWR4ZnXcKES3b,252120,1
0.812,0.621,-8.3,0.0515,0.244,0.0,0.099,0.847,77.998,5uQOauh47VFt3B2kV9kRXw,128157,6
0.908,0.669,-2.827,0.0738,0.00286,0.0,0.237,0.662,112.238,7lQ8MOhq6IN2w8EYcFNSUk,290320,1
0.806,0.77,-6.464,0.19,0.0252,0.0,0.0645,0.406,152.094,0bXFIF7iL17TYLyx8JHziM,198110,8
0.767,0.856,-2.715,0.041,0.0303,1.91e-06,0.36,0.747,91.535,1JClFT74TYSXlzpagbmj0S,285027,1
0.814,0.779,-3.271,0.235,0.175,0.000671,0.0605,0.544,93.43,6ltPEsP4edATzvinHOzvk2,268005,8
0.701,0.728,-4.554,0.255,0.00971,0.00115,0.361,0.0591,171.388,7w9bgPAmPTtrkt2v16QWvQ,326467,8
0.647,0.762,-5.856,0.0287,0.0599,3.35e-06,0.0705,0.93,89.837,6NxsCnLeLd8Ai1TrgGxzIx,141600,1
0.63,0.616,-8.128,0.0309,0.463,0.0408,0.173,0.509,118.65,1dv3ePjze9tPq2pk8eWJdR,270773,6
0.692,0.497,-7.316,0.119,0.676,0.0,0.259,0.475,81.308,4pbJqGIASGPr0ZpGpnWkDn,122067,6
0.703,0.826,-7.179,0.0341,0.0322,0.00629,0.179,0.945,103.564,6pyzBTIjcO2AMkKE6x2Otb,285373,1
0.681,0.608,-6.093,0.207,0.0477,0.0,0.225,0.262,97.934,16bHRxM89ue0TiCKARYbRp,200760,3
0.65,0.859,-4.54,0.0957,0.021,0.0,0.0986,0.169,127.828,2kfpH2OAAdpk5J3JaraAIh,197800,3
0.711,0.7,-4.805,0.046,0.00498,0.000125,0.215,0.801,128.001,5jPyymL6gQyJNMMnMX1IMx,211920,1
0.462,0.538,-5.527,0.059,0.0137,0.0,0.429,0.405,139.256,1BECwm5qkaBwlbfo4kpYx8,203507,0
0.81,0.755,-6.408,0.199,0.291,0.0,0.0857,0.625,130.991,4KTtYhxFtFL7mBwnjkKfLm,246573,1
0.734,0.703,-1.69,0.132,0.0344,0.0,0.162,0.152,121.08,25rc1PFgPvtV6GFSloyOI0,264973,3
0.655,0.787,-3.031,0.264,0.122,3.11e-06,0.178,0.554,181.799,2DpCdPMg1BADE4HDnxt3Rd,202227,0
0.517,0.492,-8.051,0.0272,0.0275,3.2e-05,0.0873,0.455,138.579,6b5rA9rthDbZDOQp9UbOgl,245173,3
0.559,0.556,-7.844,0.531,0.553,0.0,0.251,0.362,189.861,7lL3MvFWFFSD25pBz72Agj,269787,8
0.785,0.525,-7.556,0.042,0.669,0.439,0.114,0.251,90.853,3WRQUvzRvBDr4AxMWhXc5E,238907,6
0.593,0.362,-14.701,0.273,0.684,0.00294,0.125,0.0522,169.998,2dqLk7ezV15LEJEwUmEbXB,197773,4
0.599,0.803,-5.953,0.0296,0.0175,6.26e-06,0.187,0.384,121.04,0d1ZmSlIf05gkCPuSPy0Yq,210173,3
0.684,0.71,-3.574,0.0775,0.0106,0.0,0.456,0.464,93.022,07BAaeVwEwkzQrE3qJxJ5S,222187,5
0.654,0.797,-5.278,0.182,0.0216,1.04e-05,0.131,0.61,102.998,7fYbFYt7X4FZvuJJC90EX0,193893,1
0.599,0.448,-6.312,0.0232,0.163,0.0,0.106,0.168,95.05,0tgVpDi06FyKpA1z0VMD4v,263400,3
0.716,0.531,-7.355,0.122,0.0703,0.0,0.224,0.344,71.994,2HbKqm4o0w5wEeEFXm2sD4,386907,3
0.886,0.818,-3.649,0.0843,0.218,3.46e-06,0.0687,0.469,95.05,4Z3qm2aWGTJuJKnv3EWwyD,192387,1
0.614,0.928,-4.806,0.0516,0.0408,0.00104,0.0845,0.879,172.656,4r8lRYnoOGdEi6YyI5OC1o,200560,0
0.746,0.922,-5.014,0.236,0.246,0.0,0.515,0.638,86.961,6UaRii9AH6Zss9xNMEQ2M9,263373,5
0.644,0.661,-6.093,0.0418,0.000177,5.14e-06,0.108,0.272,154.001,4aX4Oycsk1fhHIee1zqsDe,240307,3
0.48,0.682,-4.94,0.13,0.0696,0.0,0.0463,0.506,167.939,7fPHfBCyKE3aVCBjE4DAvl,235653,0
0.489,0.724,-8.367,0.0352,0.313,0.185,0.287,0.15,117.292,2KmEgiY8fQs0G6WNxtzQKr,300400,3
0.642,0.289,-9.918,0.0367,0.669,0.0,0.18,0.407,84.996,1VdZ0vKfR5jneCmWIUAMxK,258373,4
0.807,0.887,-3.726,0.0503,0.0573,2.87e-06,0.124,0.961,134.052,5jE48hhRu8E6zBDPRSkEq7,187920,1
